cohort,cluster,cell_type,n_cells,n_cluster,n_type,expected,ratio_obs_over_exp,log2_enrichment,hypergeom_p,note
UOP,0,B cells,1696,10839,8926,353.86277650983146,4.792818325588647,2.2608742548452985,0.0,"P值为描述性参考: 细胞非独立(患者/ROI聚类), 推断以患者级bootstrap为准"
UOP,1,B cells,1,13671,8926,446.3195883075843,0.0022405469672347046,-8.801933315508697,1.0,"P值为描述性参考: 细胞非独立(患者/ROI聚类), 推断以患者级bootstrap为准"
UOP,2,B cells,58,9996,8926,326.3412043539326,0.1777280932538823,-2.492256350523433,1.0,"P值为描述性参考: 细胞非独立(患者/ROI聚类), 推断以患者级bootstrap为准"
UOP,3,B cells,40,14377,8926,469.36849689840824,0.08522088777649203,-3.5526491091096695,1.0,"P值为描述性参考: 细胞非独立(患者/ROI聚类), 推断以患者级bootstrap为准"
UOP,4,B cells,50,16988,8926,554.6102820692884,0.090153395305703,-3.4714743631369784,1.0,"P值为描述性参考: 细胞非独立(患者/ROI聚类), 推断以患者级bootstrap为准"
UOP,5,B cells,424,7302,8926,238.3897033005618,1.7786003091980056,0.8307423415640136,1.787549458343425e-29,"P值为描述性参考: 细胞非独立(患者/ROI聚类), 推断以患者级bootstrap为准"
UOP,6,B cells,146,23452,8926,765.6416491104869,0.1906897308546642,-2.3907009420807572,1.0,"P值为描述性参考: 细胞非独立(患者/ROI聚类), 推断以患者级bootstrap为准"
UOP,7,B cells,1100,20353,8926,664.4680404377341,1.6554596053639372,0.7272318081664274,2.892919720446374e-61,"P值为描述性参考: 细胞非独立(患者/ROI聚类), 推断以患者级bootstrap为准"
UOP,8,B cells,87,8047,8926,262.7118518843633,0.3311613061077062,-1.5943939810709296,1.0,"P值为描述性参考: 细胞非独立(患者/ROI聚类), 推断以患者级bootstrap为准"
UOP,9,B cells,331,12945,8926,422.61773613061797,0.7832136981058888,-0.352522097544557,0.9999993257166552,"P值为描述性参考: 细胞非独立(患者/ROI聚类), 推断以患者级bootstrap为准"
UOP,10,B cells,0,17118,8926,558.8544153792135,0.0,-inf,1.0,"P值为描述性参考: 细胞非独立(患者/ROI聚类), 推断以患者级bootstrap为准"
UOP,11,B cells,10,13449,8926,439.0719145014045,0.022775312357101386,-5.456385349448783,1.0,"P值为描述性参考: 细胞非独立(患者/ROI聚类), 推断以患者级bootstrap为准"
UOP,12,B cells,2,12692,8926,414.3579997659176,0.0048267440260109755,-7.694733965481939,1.0,"P值为描述性参考: 细胞非独立(患者/ROI聚类), 推断以患者级bootstrap为准"
UOP,13,B cells,1247,24506,8926,800.0517761001872,1.5586491240334965,0.6402961916725985,5.969966453025599e-56,"P值为描述性参考: 细胞非独立(患者/ROI聚类), 推断以患者级bootstrap为准"
UOP,14,B cells,146,6062,8926,197.90720095973782,0.737719493237147,-0.4388557374686129,0.9999682597180743,"P值为描述性参考: 细胞非独立(患者/ROI聚类), 推断以患者级bootstrap为准"
UOP,15,B cells,15,11933,8926,389.5787906718165,0.03850312275504775,-4.698880730966606,1.0,"P值为描述性参考: 细胞非独立(患者/ROI聚类), 推断以患者级bootstrap为准"
UOP,16,B cells,594,16865,8926,550.5946790145131,1.0788335278923806,0.10947226333097594,0.028489642728818664,"P值为描述性参考: 细胞非独立(患者/ROI聚类), 推断以患者级bootstrap为准"
UOP,17,B cells,2783,15039,8926,490.9809295997191,5.668244594080039,2.502902014263806,0.0,"P值为描述性参考: 细胞非独立(患者/ROI聚类), 推断以患者级bootstrap为准"
UOP,18,B cells,196,4332,8926,141.42758075842696,1.385868293503432,0.47079015694258,4.764033425648402e-06,"P值为描述性参考: 细胞非独立(患者/ROI聚类), 推断以患者级bootstrap为准"
UOP,19,B cells,0,13442,8926,438.8433842462547,0.0,-inf,1.0,"P值为描述性参考: 细胞非独立(患者/ROI聚类), 推断以患者级bootstrap为准"
UOP,0,CD4 T cells,1438,10839,31219,1237.6475487183989,1.1618816693727296,0.2164631464515647,8.030851333066703e-10,"P值为描述性参考: 细胞非独立(患者/ROI聚类), 推断以患者级bootstrap为准"
UOP,1,CD4 T cells,51,13671,31219,1561.0185107970506,0.032670977087875516,-4.935846587807034,1.0,"P值为描述性参考: 细胞非独立(患者/ROI聚类), 推断以患者级bootstrap为准"
UOP,2,CD4 T cells,393,9996,31219,1141.3898788623596,0.3443170535134839,-1.538190457662231,1.0,"P值为描述性参考: 细胞非独立(患者/ROI聚类), 推断以患者级bootstrap为准"
UOP,3,CD4 T cells,977,14377,31219,1641.6328819932116,0.5951391512173914,-0.7487010662984788,1.0,"P值为描述性参考: 细胞非独立(患者/ROI聚类), 推断以患者级bootstrap为准"
UOP,4,CD4 T cells,312,16988,31219,1939.7690338249063,0.16084389149402348,-2.636266948319287,1.0,"P值为描述性参考: 细胞非独立(患者/ROI聚类), 推断以患者级bootstrap为准"
UOP,5,CD4 T cells,702,7302,31219,833.7764001053371,0.8419523506677704,-0.24818950696445735,0.9999997766066551,"P值为描述性参考: 细胞非独立(患者/ROI聚类), 推断以患者级bootstrap为准"
UOP,6,CD4 T cells,1073,23452,31219,2677.8586873829586,0.4006932871609558,-1.3194297544740845,1.0,"P值为描述性参考: 细胞非独立(患者/ROI聚类), 推断以患者级bootstrap为准"
UOP,7,CD4 T cells,8473,20353,31219,2324.0004206168073,3.6458685311903696,1.8662625392104668,0.0,"P值为描述性参考: 细胞非独立(患者/ROI聚类), 推断以患者级bootstrap为准"
UOP,8,CD4 T cells,461,8047,31219,918.8439731097847,0.50171738999361,-0.9950531507601524,1.0,"P值为描述性参考: 细胞非独立(患者/ROI聚类), 推断以患者级bootstrap为准"
UOP,9,CD4 T cells,2365,12945,31219,1478.1204463658707,1.6000049291075193,0.6780763496051505,8.178250759594579e-122,"P值为描述性参考: 细胞非独立(患者/ROI聚类), 推断以患者级bootstrap为准"
UOP,10,CD4 T cells,6,17118,31219,1954.6130398525281,0.0030696612974876543,-8.347704805415853,1.0,"P值为描述性参考: 细胞非独立(患者/ROI聚类), 推断以患者级bootstrap为准"
UOP,11,CD4 T cells,38,13449,31219,1535.6695158883426,0.024744907421059305,-5.336724545162393,1.0,"P值为描述性参考: 细胞非独立(患者/ROI聚类), 推断以患者级bootstrap为准"
UOP,12,CD4 T cells,53,12692,31219,1449.2317269428838,0.03657110109768443,-4.773152125188572,1.0,"P值为描述性参考: 细胞非独立(患者/ROI聚类), 推断以患者级bootstrap为准"
UOP,13,CD4 T cells,4996,24506,31219,2798.2093208684455,1.7854275456596125,0.8362695891810535,0.0,"P值为描述性参考: 细胞非独立(患者/ROI聚类), 推断以患者级bootstrap为准"
UOP,14,CD4 T cells,1119,6062,31219,692.187419534176,1.616614183414454,0.6929754103579315,2.3823033391800706e-59,"P值为描述性参考: 细胞非独立(患者/ROI聚类), 推断以患者级bootstrap为准"
UOP,15,CD4 T cells,44,11933,31219,1362.5655686739233,0.03229202396683317,-4.95267832220766,1.0,"P值为描述性参考: 细胞非独立(患者/ROI聚类), 推断以患者级bootstrap为准"
UOP,16,CD4 T cells,3455,16865,31219,1925.7243204295412,1.794130116832791,0.8432845235359984,1.512770849399359e-270,"P值为描述性参考: 细胞非独立(患者/ROI聚类), 推断以患者级bootstrap为准"
UOP,17,CD4 T cells,4113,15039,31219,1717.2231280723315,2.3951459380919515,1.2601135631627483,0.0,"P值为描述性参考: 细胞非独立(患者/ROI聚类), 推断以患者级bootstrap为准"
UOP,18,CD4 T cells,1137,4332,31219,494.6479547050562,2.298604470482364,1.2007582374497872,1.7191153741969694e-162,"P值为描述性参考: 细胞非独立(患者/ROI聚类), 推断以患者级bootstrap为准"
UOP,19,CD4 T cells,13,13442,31219,1534.870223256086,0.0084697714523523,-6.883461244149068,1.0,"P值为描述性参考: 细胞非独立(患者/ROI聚类), 推断以患者级bootstrap为准"
UOP,0,CD8 T cells,990,10839,22976,910.8616573033707,1.0868829443660197,0.12019657267787509,0.0029889198767391917,"P值为描述性参考: 细胞非独立(患者/ROI聚类), 推断以患者级bootstrap为准"
UOP,1,CD8 T cells,729,13671,22976,1148.8504213483145,0.6345473583449015,-0.656200253752956,1.0,"P值为描述性参考: 细胞非独立(患者/ROI聚类), 推断以患者级bootstrap为准"
UOP,2,CD8 T cells,317,9996,22976,840.0196629213483,0.3773721187639401,-1.405940258082794,1.0,"P值为描述性参考: 细胞非独立(患者/ROI聚类), 推断以患者级bootstrap为准"
UOP,3,CD8 T cells,163,14377,22976,1208.179541198502,0.13491372303681423,-2.8898909923371505,1.0,"P值为描述性参考: 细胞非独立(患者/ROI聚类), 推断以患者级bootstrap为准"
UOP,4,CD8 T cells,84,16988,22976,1427.5964419475656,0.058840157856799455,-4.087055072704139,1.0,"P值为描述性参考: 细胞非独立(患者/ROI聚类), 推断以患者级bootstrap为准"
UOP,5,CD8 T cells,376,7302,22976,613.6278089887641,0.6127492830216318,-0.7066312038927446,1.0,"P值为描述性参考: 细胞非独立(患者/ROI聚类), 推断以患者级bootstrap为准"
UOP,6,CD8 T cells,195,23452,22976,1970.802434456929,0.09894446880655182,-3.33723712978236,1.0,"P值为描述性参考: 细胞非独立(患者/ROI聚类), 推断以患者级bootstrap为准"
UOP,7,CD8 T cells,7350,20353,22976,1710.376170411985,4.297300282328873,2.1034305917942984,0.0,"P值为描述性参考: 细胞非独立(患者/ROI聚类), 推断以患者级bootstrap为准"
UOP,8,CD8 T cells,190,8047,22976,676.2343164794007,0.2809676991684993,-1.8315238111599064,1.0,"P值为描述性参考: 细胞非独立(患者/ROI聚类), 推断以患者级bootstrap为准"
UOP,9,CD8 T cells,791,12945,22976,1087.8405898876404,0.7271285952675289,-0.45971756245017903,1.0,"P值为描述性参考: 细胞非独立(患者/ROI聚类), 推断以患者级bootstrap为准"
UOP,10,CD8 T cells,562,17118,22976,1438.5210674157304,0.39067901939706723,-1.3559443142174472,1.0,"P值为描述性参考: 细胞非独立(患者/ROI聚类), 推断以患者级bootstrap为准"
UOP,11,CD8 T cells,332,13449,22976,1130.1945224719102,0.29375474168275445,-1.7673159555604172,1.0,"P值为描述性参考: 细胞非独立(患者/ROI聚类), 推断以患者级bootstrap为准"
UOP,12,CD8 T cells,35,12692,22976,1066.5795880149813,0.03281517890768822,-4.929492891108168,1.0,"P值为描述性参考: 细胞非独立(患者/ROI聚类), 推断以患者级bootstrap为准"
UOP,13,CD8 T cells,1525,24506,22976,2059.375936329588,0.7405155965442606,-0.4333979733906567,1.0,"P值为描述性参考: 细胞非独立(患者/ROI聚类), 推断以患者级bootstrap为准"
UOP,14,CD8 T cells,192,6062,22976,509.4236891385768,0.37689648929492736,-1.4077597381986702,1.0,"P值为描述性参考: 细胞非独立(患者/ROI聚类), 推断以患者级bootstrap为准"
UOP,15,CD8 T cells,40,11933,22976,1002.7965823970037,0.03988844866661516,-4.647885174258959,1.0,"P值为描述性参考: 细胞非独立(患者/ROI聚类), 推断以患者级bootstrap为准"
UOP,16,CD8 T cells,2215,16865,22976,1417.260065543071,1.5628747707297093,0.6442021834013943,1.2270177435278418e-101,"P值为描述性参考: 细胞非独立(患者/ROI聚类), 推断以患者级bootstrap为准"
UOP,17,CD8 T cells,5552,15039,22976,1263.811095505618,4.393061605285867,2.135226730939263,0.0,"P值为描述性参考: 细胞非独立(患者/ROI聚类), 推断以患者级bootstrap为准"
UOP,18,CD8 T cells,1316,4332,22976,364.04213483146066,3.614966164862383,1.8539821439914168,0.0,"P值为描述性参考: 细胞非独立(患者/ROI聚类), 推断以患者级bootstrap为准"
UOP,19,CD8 T cells,22,13442,22976,1129.6062734082398,0.019475812517950844,-5.682172671954227,1.0,"P值为描述性参考: 细胞非独立(患者/ROI聚类), 推断以患者级bootstrap为准"
UOP,0,Fibroblasts,266,10839,35512,1407.839448735955,0.18894199920227492,-2.4039846662899493,1.0,"P值为描述性参考: 细胞非独立(患者/ROI聚类), 推断以患者级bootstrap为准"
UOP,1,Fibroblasts,110,13671,35512,1775.6779318820224,0.06194817090699108,-4.0127945040572754,1.0,"P值为描述性参考: 细胞非独立(患者/ROI聚类), 推断以患者级bootstrap为准"
UOP,2,Fibroblasts,233,9996,35512,1298.345154494382,0.17945921328657616,-2.4782721030699633,1.0,"P值为描述性参考: 细胞非独立(患者/ROI聚类), 推断以患者级bootstrap为准"
UOP,3,Fibroblasts,5677,14377,35512,1867.3777797284645,3.0400918665881806,1.6041149202046072,0.0,"P值为描述性参考: 细胞非独立(患者/ROI聚类), 推断以患者级bootstrap为准"
UOP,4,Fibroblasts,11199,16988,35512,2206.5113529962546,5.075432757140684,2.343530839039285,0.0,"P值为描述性参考: 细胞非独立(患者/ROI聚类), 推断以患者级bootstrap为准"
UOP,5,Fibroblasts,59,7302,35512,948.4310042134831,0.06220800431226692,-4.006755965710583,1.0,"P值为描述性参考: 细胞非独立(患者/ROI聚类), 推断以患者级bootstrap为准"
UOP,6,Fibroblasts,6820,23452,35512,3046.0974953183522,2.238930306886724,1.162809620877522,0.0,"P值为描述性参考: 细胞非独立(患者/ROI聚类), 推断以患者级bootstrap为准"
UOP,7,Fibroblasts,253,20353,35512,2643.5793246722847,0.09570357796294368,-3.3852833276245224,1.0,"P值为描述性参考: 细胞非独立(患者/ROI聚类), 推断以患者级bootstrap为准"
UOP,8,Fibroblasts,1671,8047,35512,1045.1964243913858,1.5987425530784967,0.6769376390682917,1.9833433188665488e-86,"P值为描述性参考: 细胞非独立(患者/ROI聚类), 推断以患者级bootstrap为准"
UOP,9,Fibroblasts,307,12945,35512,1681.3803546348315,0.18258807363469845,-2.4533355610548333,1.0,"P值为描述性参考: 细胞非独立(患者/ROI聚类), 推断以患者级bootstrap为准"
UOP,10,Fibroblasts,29,17118,35512,2223.396594101124,0.013043107143790575,-6.260568598812843,1.0,"P值为描述性参考: 细胞非独立(患者/ROI聚类), 推断以患者级bootstrap为准"
UOP,11,Fibroblasts,108,13449,35512,1746.843135533708,0.06182581469572142,-4.015646844245915,1.0,"P值为描述性参考: 细胞非独立(患者/ROI聚类), 推断以患者级bootstrap为准"
UOP,12,Fibroblasts,678,12692,35512,1648.5190777153557,0.41127822490208876,-1.2818134044188332,1.0,"P值为描述性参考: 细胞非独立(患者/ROI聚类), 推断以患者级bootstrap为准"
UOP,13,Fibroblasts,1930,24506,35512,3182.997834737828,0.6063466267355998,-0.721785328074867,1.0,"P值为描述性参考: 细胞非独立(患者/ROI聚类), 推断以患者级bootstrap为准"
UOP,14,Fibroblasts,486,6062,35512,787.3717813670412,0.6172433550465867,-0.6960886948160874,1.0,"P值为描述性参考: 细胞非独立(患者/ROI聚类), 推断以患者级bootstrap为准"
UOP,15,Fibroblasts,1338,11933,35512,1549.935246956929,0.8632618702148798,-0.21212982800690244,0.9999999991749798,"P值为描述性参考: 细胞非独立(患者/ROI聚类), 推断以患者级bootstrap为准"
UOP,16,Fibroblasts,3975,16865,35512,2190.5353171816478,1.8146249315506369,0.8596713855160519,0.0,"P值为描述性参考: 细胞非独立(患者/ROI聚类), 推断以患者级bootstrap为准"
UOP,17,Fibroblasts,8,15039,35512,1953.3626228932585,0.004095501729295226,-7.93174408114104,1.0,"P值为描述性参考: 细胞非独立(患者/ROI聚类), 推断以患者级bootstrap为准"
UOP,18,Fibroblasts,243,4332,35512,562.6681882022472,0.43187087007068425,-1.2113280856400856,1.0,"P值为描述性参考: 细胞非独立(患者/ROI聚类), 推断以患者级bootstrap为准"
UOP,19,Fibroblasts,122,13442,35512,1745.9339302434457,0.06987664188586382,-3.83904591253068,1.0,"P值为描述性参考: 细胞非独立(患者/ROI聚类), 推断以患者级bootstrap为准"
UOP,0,Myeloid,1140,10839,25735,1020.2395869908707,1.1173845972418641,0.1601258384921615,4.017201421496849e-05,"P值为描述性参考: 细胞非独立(患者/ROI聚类), 推断以患者级bootstrap为准"
UOP,1,Myeloid,71,13671,25735,1286.8064760358145,0.05517535178928018,-4.179832266846057,1.0,"P值为描述性参考: 细胞非独立(患者/ROI聚类), 推断以患者级bootstrap为准"
UOP,2,Myeloid,443,9996,25735,940.8907566713483,0.4708304304818877,-1.0867205279380283,1.0,"P值为描述性参考: 细胞非独立(患者/ROI聚类), 推断以患者级bootstrap为准"
UOP,3,Myeloid,605,14377,25735,1353.2599448443352,0.44706857858679383,-1.1614319426771165,1.0,"P值为描述性参考: 细胞非独立(患者/ROI聚类), 推断以患者级bootstrap为准"
UOP,4,Myeloid,189,16988,25735,1599.0248273642321,0.1181970390738335,-3.080734199532672,1.0,"P值为描述性参考: 细胞非独立(患者/ROI聚类), 推断以患者级bootstrap为准"
UOP,5,Myeloid,4119,7302,25735,687.3133558637641,5.992899693944618,2.5832542270270293,0.0,"P值为描述性参考: 细胞非独立(患者/ROI聚类), 推断以患者级bootstrap为准"
UOP,6,Myeloid,1461,23452,25735,2207.459986540262,0.661846651313402,-0.5954311089993176,1.0,"P值为描述性参考: 细胞非独立(患者/ROI聚类), 推断以患者级bootstrap为准"
UOP,7,Myeloid,852,20353,25735,1915.7612615578184,0.44473182389500276,-1.168992450861798,1.0,"P值为描述性参考: 细胞非独立(患者/ROI聚类), 推断以患者级bootstrap为准"
UOP,8,Myeloid,513,8047,25735,757.4377670002341,0.6772833655122473,-0.5621685321546457,1.0,"P值为描述性参考: 细胞非独立(患者/ROI聚类), 推断以患者级bootstrap为准"
UOP,9,Myeloid,6024,12945,25735,1218.4704727001404,4.943903143299622,2.305650479478112,0.0,"P值为描述性参考: 细胞非独立(患者/ROI聚类), 推断以患者级bootstrap为准"
UOP,10,Myeloid,13,17118,25735,1611.2613017907304,0.00806821338385773,-6.9535350445681265,1.0,"P值为描述性参考: 细胞非独立(患者/ROI聚类), 推断以患者级bootstrap为准"
UOP,11,Myeloid,224,13449,25735,1265.9103427844102,0.17694776038191207,-2.4986045931205836,1.0,"P值为描述性参考: 细胞非独立(患者/ROI聚类), 推断以患者级bootstrap为准"
UOP,12,Myeloid,121,12692,25735,1194.656410931648,0.10128435162846415,-3.3035167990493863,1.0,"P值为描述性参考: 细胞非独立(患者/ROI聚类), 推断以患者级bootstrap为准"
UOP,13,Myeloid,5793,24506,25735,2306.6695561212546,2.5114130390402045,1.3284993206726932,0.0,"P值为描述性参考: 细胞非独立(患者/ROI聚类), 推断以患者级bootstrap为准"
UOP,14,Myeloid,2069,6062,25735,570.5962151802435,3.6260317628402627,1.8583915626693377,0.0,"P值为描述性参考: 细胞非独立(患者/ROI聚类), 推断以患者级bootstrap为准"
UOP,15,Myeloid,91,11933,25735,1123.2142256261704,0.08101749241046982,-3.6256227572184705,1.0,"P值为描述性参考: 细胞非独立(患者/ROI聚类), 推断以患者级bootstrap为准"
UOP,16,Myeloid,690,16865,25735,1587.4472400222378,0.43466011506016045,-1.2020403766463004,1.0,"P值为描述性参考: 细胞非独立(患者/ROI聚类), 推断以患者级bootstrap为准"
UOP,17,Myeloid,893,15039,25735,1415.571837693118,0.6308404675917222,-0.6646528847886203,1.0,"P值为描述性参考: 细胞非独立(患者/ROI聚类), 推断以患者级bootstrap为准"
UOP,18,Myeloid,362,4332,25735,407.75697858146066,0.8877837020947038,-0.17171987093146465,0.9930845919859204,"P值为描述性参考: 细胞非独立(患者/ROI聚类), 推断以患者级bootstrap为准"
UOP,19,Myeloid,62,13442,25735,1265.2514556999063,0.04900211710541215,-4.351012108475494,1.0,"P值为描述性参考: 细胞非独立(患者/ROI聚类), 推断以患者级bootstrap为准"
UOP,0,Tumor,578,10839,75960,3011.3619206460676,0.1919397319987343,-2.3812747110022268,1.0,"P值为描述性参考: 细胞非独立(患者/ROI聚类), 推断以患者级bootstrap为准"
UOP,1,Tumor,12556,13671,75960,3798.1666959269664,3.3058054069782288,1.7250018042884134,0.0,"P值为描述性参考: 细胞非独立(患者/ROI聚类), 推断以患者级bootstrap为准"
UOP,2,Tumor,205,9996,75960,2777.1541432584268,0.07381657244256312,-3.7599114399305638,1.0,"P值为描述性参考: 细胞非独立(患者/ROI聚类), 推断以患者级bootstrap为准"
UOP,3,Tumor,1302,14377,75960,3994.3122366573034,0.32596350081274494,-1.617217664616401,1.0,"P值为描述性参考: 细胞非独立(患者/ROI聚类), 推断以患者级bootstrap为准"
UOP,4,Tumor,843,16988,75960,4719.717345505618,0.1786123910159053,-2.4850959257546257,1.0,"P值为描述性参考: 细胞非独立(患者/ROI聚类), 推断以患者级bootstrap为准"
UOP,5,Tumor,483,7302,75960,2028.6894311797753,0.23808474208844943,-2.070452927948417,1.0,"P值为描述性参考: 细胞非独立(患者/ROI聚类), 推断以患者级bootstrap为准"
UOP,6,Tumor,1554,23452,75960,6515.588132022472,0.2385049466774123,-2.067908906338069,1.0,"P值为描述性参考: 细胞非独立(患者/ROI聚类), 推断以患者级bootstrap为准"
UOP,7,Tumor,835,20353,75960,5654.603669241573,0.14766729002458892,-2.7595778066691845,1.0,"P值为描述性参考: 细胞非独立(患者/ROI聚类), 推断以患者级bootstrap为准"
UOP,8,Tumor,2676,8047,75960,2235.6702071629215,1.196956506118968,0.259370729936798,4.759675409818506e-28,"P值为描述性参考: 细胞非独立(患者/ROI聚类), 推断以患者级bootstrap为准"
UOP,9,Tumor,2225,12945,75960,3596.464624297753,0.618663112927033,-0.692774077395657,1.0,"P值为描述性参考: 细胞非独立(患者/ROI聚类), 推断以患者级bootstrap为准"
UOP,10,Tumor,16483,17118,75960,4755.834796348315,3.465847891237977,1.79320833904162,0.0,"P值为描述性参考: 细胞非独立(患者/ROI聚类), 推断以患者级bootstrap为准"
UOP,11,Tumor,10000,13449,75960,3736.489202949438,2.6763090850380062,1.420244741428299,0.0,"P值为描述性参考: 细胞非独立(患者/ROI聚类), 推断以患者级bootstrap为准"
UOP,12,Tumor,107,12692,75960,3526.1745084269664,0.03034449932761068,-5.042421172865796,1.0,"P值为描述性参考: 细胞非独立(患者/ROI聚类), 推断以患者级bootstrap为准"
UOP,13,Tumor,2143,24506,75960,6808.417310393258,0.3147574395489308,-1.6676876172655286,1.0,"P值为描述性参考: 细胞非独立(患者/ROI聚类), 推断以患者级bootstrap为准"
UOP,14,Tumor,1048,6062,75960,1684.184515449438,0.622259610147486,-0.6844114885961846,1.0,"P值为描述性参考: 细胞非独立(患者/ROI聚类), 推断以患者级bootstrap为准"
UOP,15,Tumor,7985,11933,75960,3315.304160814607,2.4085271253175145,1.268151171938465,0.0,"P值为描述性参考: 细胞非独立(患者/ROI聚类), 推断以患者级bootstrap为准"
UOP,16,Tumor,518,16865,75960,4685.544680477528,0.11055278208278828,-3.177192763568241,1.0,"P值为描述性参考: 细胞非独立(患者/ROI聚类), 推断以患者级bootstrap为准"
UOP,17,Tumor,976,15039,75960,4178.2334094101125,0.23359154560438802,-2.0979400352899202,1.0,"P值为描述性参考: 细胞非独立(患者/ROI聚类), 推断以患者级bootstrap为准"
UOP,18,Tumor,544,4332,75960,1203.5445926966293,0.45199820870876783,-1.1456110397072936,1.0,"P值为描述性参考: 细胞非独立(患者/ROI聚类), 推断以患者级bootstrap为准"
UOP,19,Tumor,12899,13442,75960,3734.5444171348313,3.4539688270453626,1.7882550622327864,0.0,"P值为描述性参考: 细胞非独立(患者/ROI聚类), 推断以患者级bootstrap为准"
UOP,0,Vessel,4720,10839,51665,2048.2097634304773,2.304451469899563,1.2044233858683335,0.0,"P值为描述性参考: 细胞非独立(患者/ROI聚类), 推断以患者级bootstrap为准"
UOP,1,Vessel,147,13671,51665,2583.3633800035113,0.05690256397448825,-4.135362529335302,1.0,"P值为描述性参考: 细胞非独立(患者/ROI聚类), 推断以患者级bootstrap为准"
UOP,2,Vessel,8325,9996,51665,1888.910858497191,4.407301679986811,2.1398956525320125,0.0,"P值为描述性参考: 细胞非独立(患者/ROI聚类), 推断以患者级bootstrap为准"
UOP,3,Vessel,4151,14377,51665,2716.7738508017324,1.527915177325128,0.6115644539436067,3.918673527577749e-195,"P值为描述性参考: 细胞非独立(患者/ROI聚类), 推断以患者级bootstrap为准"
UOP,4,Vessel,1816,16988,51665,3210.1658327481273,0.5657028622865182,-0.8218836242837574,1.0,"P值为描述性参考: 细胞非独立(患者/ROI聚类), 推断以患者级bootstrap为准"
UOP,5,Vessel,1121,7302,51665,1379.8346427317415,0.8124161876242569,-0.29970910885672813,0.9999999999999999,"P值为描述性参考: 细胞非独立(患者/ROI聚类), 推断以患者级bootstrap为准"
UOP,6,Vessel,5542,23452,51665,4431.646403909176,1.2505510356402478,0.3225639358576734,1.1923913341180409e-79,"P值为描述性参考: 细胞非独立(患者/ROI聚类), 推断以患者级bootstrap为准"
UOP,7,Vessel,639,20353,51665,3846.038685773642,0.1661449746627973,-2.5894854379615695,1.0,"P值为描述性参考: 细胞非独立(患者/ROI聚类), 推断以患者级bootstrap为准"
UOP,8,Vessel,1485,8047,51665,1520.614813758193,0.9765786749964831,-0.03419181989449921,0.851787627273282,"P值为描述性参考: 细胞非独立(患者/ROI聚类), 推断以患者级bootstrap为准"
UOP,9,Vessel,884,12945,51665,2446.173575754916,0.3613807330606897,-1.4684085036233125,1.0,"P值为描述性参考: 细胞非独立(患者/ROI聚类), 推断以患者级bootstrap为准"
UOP,10,Vessel,25,17118,51665,3234.731500175562,0.007728616733303258,-7.015574060755422,1.0,"P值为描述性参考: 细胞非独立(患者/ROI聚类), 推断以患者级bootstrap为准"
UOP,11,Vessel,2646,13449,51665,2541.412778704354,1.0411531814792268,0.058182343279561864,0.009594003807053861,"P值为描述性参考: 细胞非独立(患者/ROI聚类), 推断以患者级bootstrap为准"
UOP,12,Vessel,11206,12692,51665,2398.365007607678,4.672349690082314,2.224148253085282,0.0,"P值为描述性参考: 细胞非独立(患者/ROI聚类), 推断以患者级bootstrap为准"
UOP,13,Vessel,4967,24506,51665,4630.817276743914,1.0725968448257297,0.10110791461719729,6.1369070792832756e-09,"P值为描述性参考: 细胞非独立(患者/ROI聚类), 推断以患者级bootstrap为准"
UOP,14,Vessel,670,6062,51665,1145.5159688085207,0.5848892710739628,-0.7737645696664648,1.0,"P值为描述性参考: 细胞非独立(患者/ROI聚类), 推断以患者级bootstrap为准"
UOP,15,Vessel,1015,11933,51665,2254.9393031659642,0.4501229805054738,-1.1516088731655558,1.0,"P值为描述性参考: 细胞非独立(患者/ROI聚类), 推断以患者级bootstrap为准"
UOP,16,Vessel,941,16865,51665,3186.922932028324,0.2952691420752677,-1.7598975034042226,1.0,"P值为描述性参考: 细胞非独立(患者/ROI聚类), 推断以患者级bootstrap为准"
UOP,17,Vessel,714,15039,51665,2841.869788009129,0.25124303830267763,-1.992844473701671,1.0,"P值为描述性参考: 细胞非独立(患者/ROI聚类), 推断以患者级bootstrap为准"
UOP,18,Vessel,449,4332,51665,818.6036253511236,0.54849500551309,-0.8664496110944506,1.0,"P值为描述性参考: 细胞非独立(患者/ROI聚类), 推断以患者级bootstrap为准"
UOP,19,Vessel,202,13442,51665,2540.0900119967228,0.07952474087373429,-3.6524524239315026,1.0,"P值为描述性参考: 细胞非独立(患者/ROI聚类), 推断以患者级bootstrap为准"
UOP,0,other,11,10839,21415,848.9772976650281,0.012956765781904515,-6.270150546607153,1.0,"P值为描述性参考: 细胞非独立(患者/ROI聚类), 推断以患者级bootstrap为准"
UOP,1,other,6,13671,21415,1070.796995698736,0.005603302982826143,-7.47950678031409,1.0,"P值为描述性参考: 细胞非独立(患者/ROI聚类), 推断以患者级bootstrap为准"
UOP,2,other,22,9996,21415,782.9483409410112,0.02809891642858404,-5.153341692540257,1.0,"P值为描述性参考: 细胞非独立(患者/ROI聚类), 推断以患者级bootstrap为准"
UOP,3,other,1462,14377,21415,1126.0952678780432,1.2982915759471387,0.37661442642885606,3.830605759999783e-25,"P值为描述性参考: 细胞非独立(患者/ROI聚类), 推断以患者级bootstrap为准"
UOP,4,other,2495,16988,21415,1330.6048835440074,1.8750870606717431,0.9069575817863703,1.7874499365688754e-213,"P值为描述性参考: 细胞非独立(患者/ROI聚类), 推断以患者级bootstrap为准"
UOP,5,other,18,7302,21415,571.937653616573,0.0314719618234249,-4.989789077083423,1.0,"P值为描述性参考: 细胞非独立(患者/ROI聚类), 推断以患者级bootstrap为准"
UOP,6,other,6661,23452,21415,1836.9052112593633,3.6262077973164915,1.8584616000871101,0.0,"P值为描述性参考: 细胞非独立(患者/ROI聚类), 推断以患者级bootstrap为准"
UOP,7,other,851,20353,21415,1594.1724272881554,0.533819294220033,-0.9055766440861812,1.0,"P值为描述性参考: 细胞非独立(患者/ROI聚类), 推断以患者级bootstrap为准"
UOP,8,other,964,8047,21415,630.2906462137172,1.529453127364244,0.6130158937837542,1.0311576897926083e-39,"P值为描述性参考: 细胞非独立(患者/ROI聚类), 推断以患者级bootstrap为准"
UOP,9,other,18,12945,21415,1013.9322002282304,0.01775266629854373,-5.815820468436012,1.0,"P值为描述性参考: 细胞非独立(患者/ROI聚类), 推断以患者级bootstrap为准"
UOP,10,other,0,17118,21415,1340.7872849367977,0.0,-inf,1.0,"P值为描述性参考: 细胞非独立(患者/ROI聚类), 推断以患者级bootstrap为准"
UOP,11,other,91,13449,21415,1053.4085871664327,0.08638623332735611,-3.533054769663999,1.0,"P值为描述性参考: 细胞非独立(患者/ROI聚类), 推断以患者级bootstrap为准"
UOP,12,other,490,12692,21415,994.1156805945693,0.4929003832903396,-1.020631992005918,1.0,"P值为描述性参考: 细胞非独立(患者/ROI聚类), 推断以患者级bootstrap为准"
UOP,13,other,1905,24506,21415,1919.4609887055244,0.9924661200250405,-0.010910241302936769,0.6444274864924628,"P值为描述性参考: 细胞非独立(患者/ROI聚类), 推断以患者级bootstrap为准"
UOP,14,other,332,6062,21415,474.8132095622659,0.6992223327275866,-0.5161768305282549,0.9999999999998352,"P值为描述性参考: 细胞非独立(患者/ROI聚类), 推断以患者级bootstrap为准"
UOP,15,other,1405,11933,21415,934.6661216935861,1.5032105769001058,0.588047123006614,1.108945086720098e-53,"P值为描述性参考: 细胞非独立(患者/ROI聚类), 推断以患者级bootstrap为准"
UOP,16,other,4477,16865,21415,1320.9707653031367,3.3891741722025293,1.7609337799072047,0.0,"P值为描述性参考: 细胞非独立(患者/ROI聚类), 推断以患者级bootstrap为准"
UOP,17,other,0,15039,21415,1177.9471888167134,0.0,-inf,1.0,"P值为描述性参考: 细胞非独立(患者/ROI聚类), 推断以患者级bootstrap为准"
UOP,18,other,85,4332,21415,339.3089448735955,0.2505091636522152,-1.997064716561476,1.0,"P值为描述性参考: 细胞非独立(患者/ROI聚类), 推断以患者级bootstrap为准"
UOP,19,other,122,13442,21415,1052.860304014513,0.11587482169744553,-3.109360975983991,1.0,"P值为描述性参考: 细胞非独立(患者/ROI聚类), 推断以患者级bootstrap为准"
STA,0,B cells,2308,15808,8510,598.3457723613396,3.857301424378084,1.947591888114476,0.0,"P值为描述性参考: 细胞非独立(患者/ROI聚类), 推断以患者级bootstrap为准"
STA,1,B cells,16,19394,8510,734.0788151047458,0.02179602471938515,-5.519791157552283,1.0,"P值为描述性参考: 细胞非独立(患者/ROI聚类), 推断以患者级bootstrap为准"
STA,2,B cells,38,20493,8510,775.6768669661521,0.04898947179980577,-4.351384453081678,1.0,"P值为描述性参考: 细胞非独立(患者/ROI聚类), 推断以患者级bootstrap为准"
STA,3,B cells,5,6624,8510,250.7238357870391,0.0199422603132433,-5.648027251558291,1.0,"P值为描述性参考: 细胞非独立(患者/ROI聚类), 推断以患者级bootstrap为准"
STA,4,B cells,0,494,8510,18.698305386291864,0.0,-inf,1.0,"P值为描述性参考: 细胞非独立(患者/ROI聚类), 推断以患者级bootstrap为准"
STA,5,B cells,366,11697,8510,442.74104879242094,0.8266683222580499,-0.27461949078107845,0.999960342764456,"P值为描述性参考: 细胞非独立(患者/ROI聚类), 推断以患者级bootstrap为准"
STA,6,B cells,1,2071,8510,78.38904950406975,0.012756883854652208,-6.292580227166841,1.0,"P值为描述性参考: 细胞非独立(患者/ROI聚类), 推断以患者级bootstrap为准"
STA,7,B cells,627,15330,8510,580.2530801049681,1.0805629844938958,0.11178316730957018,0.022206441051806924,"P值为描述性参考: 细胞非独立(患者/ROI聚类), 推断以患者级bootstrap为准"
STA,8,B cells,10,2404,8510,90.99337277053775,0.10989811340675841,-3.185761474770152,1.0,"P值为描述性参考: 细胞非独立(患者/ROI聚类), 推断以患者级bootstrap为准"
STA,9,B cells,414,23532,8510,890.7055108304052,0.46480008820651353,-1.1053177523603088,1.0,"P值为描述性参考: 细胞非独立(患者/ROI聚类), 推断以患者级bootstrap为准"
STA,10,B cells,0,48659,8510,1841.7830805497488,0.0,-inf,1.0,"P值为描述性参考: 细胞非独立(患者/ROI聚类), 推断以患者级bootstrap为准"
STA,11,B cells,0,3518,8510,133.15918694124449,0.0,-inf,1.0,"P值为描述性参考: 细胞非独立(患者/ROI聚类), 推断以患者级bootstrap为准"
STA,12,B cells,1,3876,8510,146.7097807232131,0.006816178138024954,-7.19682124436141,1.0,"P值为描述性参考: 细胞非独立(患者/ROI聚类), 推断以患者级bootstrap为准"
STA,13,B cells,101,5603,8510,212.0781479339946,0.47623954181000483,-1.0702406834247244,1.0,"P值为描述性参考: 细胞非独立(患者/ROI聚类), 推断以患者级bootstrap为准"
STA,14,B cells,57,4056,8510,153.52292843481743,0.3712800464472705,-1.429420311784928,1.0,"P值为描述性参考: 细胞非独立(患者/ROI聚类), 推断以患者级bootstrap为准"
STA,15,B cells,0,656,8510,24.830138326735756,0.0,-inf,1.0,"P值为描述性参考: 细胞非独立(患者/ROI聚类), 推断以患者级bootstrap为准"
STA,16,B cells,29,1757,8510,66.5038918293822,0.4360647054220586,-1.197385869827133,0.9999999531485669,"P值为描述性参考: 细胞非独立(患者/ROI聚类), 推断以患者级bootstrap为准"
STA,17,B cells,4366,33712,8510,1276.0268647422497,3.421558056994284,1.774653427227156,0.0,"P值为描述性参考: 细胞非独立(患者/ROI聚类), 推断以患者级bootstrap为准"
STA,18,B cells,171,3636,8510,137.62558377440732,1.2425015415760143,0.31324764174546194,0.002602220636104752,"P值为描述性参考: 细胞非独立(患者/ROI聚类), 推断以患者级bootstrap为准"
STA,19,B cells,0,1510,8510,57.154739136236266,0.0,-inf,1.0,"P值为描述性参考: 细胞非独立(患者/ROI聚类), 推断以患者级bootstrap为准"
STA,0,CD4 T cells,881,15808,19844,1395.2495307565716,0.6314282718463121,-0.6633092369299463,1.0,"P值为描述性参考: 细胞非独立(患者/ROI聚类), 推断以患者级bootstrap为准"
STA,1,CD4 T cells,4,19394,19844,1711.7579326602322,0.002336779005769598,-8.741262982871637,1.0,"P值为描述性参考: 细胞非独立(患者/ROI聚类), 推断以患者级bootstrap为准"
STA,2,CD4 T cells,217,20493,19844,1808.7581372592626,0.11997181686701973,-3.059232559400138,1.0,"P值为描述性参考: 细胞非独立(患者/ROI聚类), 推断以患者级bootstrap为准"
STA,3,CD4 T cells,7,6624,19844,584.6490948716809,0.011972993820398138,-6.384072249707404,1.0,"P值为描述性参考: 细胞非独立(患者/ROI聚类), 推断以患者级bootstrap为准"
STA,4,CD4 T cells,0,494,19844,43.60154783614286,0.0,-inf,1.0,"P值为描述性参考: 细胞非独立(患者/ROI聚类), 推断以患者级bootstrap为准"
STA,5,CD4 T cells,498,11697,19844,1032.4034514966863,0.48236956131640596,-1.0517892223163932,1.0,"P值为描述性参考: 细胞非独立(患者/ROI聚类), 推断以患者级bootstrap为准"
STA,6,CD4 T cells,0,2071,19844,182.79110438998353,0.0,-inf,1.0,"P值为描述性参考: 细胞非独立(患者/ROI聚类), 推断以患者级bootstrap为准"
STA,7,CD4 T cells,3824,15330,19844,1353.0601788017614,2.826186196231453,1.4988565171689265,0.0,"P值为描述性参考: 细胞非独立(患者/ROI聚类), 推断以患者级bootstrap为准"
STA,8,CD4 T cells,13,2404,19844,212.18243117021748,0.06126803208118164,-4.028721676835775,1.0,"P值为描述性参考: 细胞非独立(患者/ROI聚类), 推断以患者级bootstrap为准"
STA,9,CD4 T cells,742,23532,19844,2076.987092469866,0.3572482480464742,-1.485001158558184,1.0,"P值为描述性参考: 细胞非独立(患者/ROI聚类), 推断以患者级bootstrap为准"
STA,10,CD4 T cells,3,48659,19844,4294.752461860072,0.0006985268712555065,-10.48339676458558,1.0,"P值为描述性参考: 细胞非独立(患者/ROI聚类), 推断以患者级bootstrap为准"
STA,11,CD4 T cells,0,3518,19844,310.5065694079972,0.0,-inf,1.0,"P值为描述性参考: 细胞非独立(患者/ROI聚类), 推断以患者级bootstrap为准"
STA,12,CD4 T cells,0,3876,19844,342.10445225281325,0.0,-inf,1.0,"P值为描述性参考: 细胞非独立(患者/ROI聚类), 推断以患者级bootstrap为准"
STA,13,CD4 T cells,27,5603,19844,494.5333451941467,0.054596925085810315,-4.195036489332404,1.0,"P值为描述性参考: 细胞非独立(患者/ROI聚类), 推断以患者级bootstrap为准"
STA,14,CD4 T cells,56,4056,19844,357.99165591780456,0.1564282269552609,-2.6764272292114186,1.0,"P值为描述性参考: 细胞非独立(患者/ROI聚类), 推断以患者级bootstrap为准"
STA,15,CD4 T cells,0,656,19844,57.90003113463506,0.0,-inf,1.0,"P值为描述性参考: 细胞非独立(患者/ROI聚类), 推断以患者级bootstrap为准"
STA,16,CD4 T cells,67,1757,19844,155.076760218832,0.43204410451607916,-1.2107494998162858,1.0,"P值为描述性参考: 细胞非独立(患者/ROI聚类), 推断以患者级bootstrap为准"
STA,17,CD4 T cells,12966,33712,19844,2975.4967219677087,4.357591760822216,2.123531044497675,0.0,"P值为描述性参考: 细胞非独立(患者/ROI聚类), 推断以患者级bootstrap为准"
STA,18,CD4 T cells,539,3636,19844,320.9215140328248,1.679538380667335,0.7480647642927162,1.5289776233449947e-32,"P值为描述性参考: 细胞非独立(患者/ROI聚类), 推断以患者级bootstrap为准"
STA,19,CD4 T cells,0,1510,19844,133.27598630076056,0.0,-inf,1.0,"P值为描述性参考: 细胞非独立(患者/ROI聚类), 推断以患者级bootstrap为准"
STA,0,CD8 T cells,618,15808,18432,1295.9705377396256,0.476862692479019,-1.0683541774956196,1.0,"P值为描述性参考: 细胞非独立(患者/ROI聚类), 推断以患者级bootstrap为准"
STA,1,CD8 T cells,174,19394,18432,1589.957781434862,0.10943686809279501,-3.191829246572542,1.0,"P值为描述性参考: 细胞非独立(患者/ROI聚类), 推断以患者级bootstrap为准"
STA,2,CD8 T cells,243,20493,18432,1680.0559355957835,0.1446380414196311,-2.78948104778847,1.0,"P值为描述性参考: 细胞非独立(患者/ROI聚类), 推断以患者级bootstrap为准"
STA,3,CD8 T cells,4,6624,18432,543.0483832228795,0.00736582618340714,-7.084936931314641,1.0,"P值为描述性参考: 细胞非独立(患者/ROI聚类), 推断以患者级bootstrap为准"
STA,4,CD8 T cells,1,494,18432,40.4990793043633,0.024691919351664416,-5.339817205399994,1.0,"P值为描述性参考: 细胞非独立(患者/ROI聚类), 推断以患者级bootstrap为准"
STA,5,CD8 T cells,438,11697,18432,958.9427745407642,0.4567530113668747,-1.130513854332935,1.0,"P值为描述性参考: 细胞非独立(患者/ROI聚类), 推断以患者级bootstrap为准"
STA,6,CD8 T cells,2,2071,18432,169.7846016990615,0.011779631250335319,-6.407561812035828,1.0,"P值为描述性参考: 细胞非独立(患者/ROI聚类), 推断以患者级bootstrap为准"
STA,7,CD8 T cells,4576,15330,18432,1256.783169505849,3.641041757266072,1.8643512864169332,0.0,"P值为描述性参考: 细胞非独立(患者/ROI聚类), 推断以患者级bootstrap为准"
STA,8,CD8 T cells,20,2404,18432,197.0845883556465,0.10147926921565908,-3.300743059639139,1.0,"P值为描述性参考: 细胞非独立(患者/ROI聚类), 推断以患者级bootstrap为准"
STA,9,CD8 T cells,429,23532,18432,1929.1990570653384,0.2223720763437376,-2.168952457229076,1.0,"P值为描述性参考: 细胞非独立(患者/ROI聚类), 推断以患者级bootstrap为准"
STA,10,CD8 T cells,791,48659,18432,3989.1593114797847,0.1982873929661579,-2.3343351403835784,1.0,"P值为描述性参考: 细胞非独立(患者/ROI聚类), 推断以患者级bootstrap为准"
STA,11,CD8 T cells,19,3518,18432,288.41247164524304,0.06587787238053504,-3.9240622278436916,1.0,"P值为描述性参考: 细胞非独立(患者/ROI聚类), 推断以患者级bootstrap为准"
STA,12,CD8 T cells,0,3876,18432,317.7620068496197,0.0,-inf,1.0,"P值为描述性参考: 细胞非独立(患者/ROI聚类), 推断以患者级bootstrap为准"
STA,13,CD8 T cells,61,5603,18432,459.3448205310679,0.13279784003981002,-2.9126964134826205,1.0,"P值为描述性参考: 细胞非独立(患者/ROI聚类), 推断以患者级bootstrap为准"
STA,14,CD8 T cells,55,4056,18432,332.5187563937197,0.16540420334929049,-2.595932197293997,1.0,"P值为描述性参考: 细胞非独立(患者/ROI聚类), 推断以患者级bootstrap为准"
STA,15,CD8 T cells,0,656,18432,53.780153894053285,0.0,-inf,1.0,"P值为描述性参考: 细胞非独立(患者/ROI聚类), 推断以患者级bootstrap为准"
STA,16,CD8 T cells,185,1757,18432,144.0422719387982,1.2843451961005186,0.3610330106926198,0.0003251581011784756,"P值为描述性参考: 细胞非独立(患者/ROI聚类), 推断以患者级bootstrap为准"
STA,17,CD8 T cells,10073,33712,18432,2763.775225726104,3.6446523965615194,1.8657812261652795,0.0,"P值为描述性参考: 细胞非独立(患者/ROI聚类), 推断以患者级bootstrap为准"
STA,18,CD8 T cells,742,3636,18432,298.08634079081975,2.489211676158935,1.3156889186113798,1.974816672409359e-119,"P值为描述性参考: 细胞非独立(患者/ROI聚类), 推断以患者级bootstrap为准"
STA,19,CD8 T cells,1,1510,18432,123.79273228661656,0.008078018648822663,-6.951782808027757,1.0,"P值为描述性参考: 细胞非独立(患者/ROI聚类), 推断以患者级bootstrap为准"
STA,0,Fibroblasts,2934,15808,26522,1864.7857314415337,1.5733711120429543,0.6538590002871488,2.0102635096729274e-145,"P值为描述性参考: 细胞非独立(患者/ROI聚类), 推断以患者级bootstrap为准"
STA,1,Fibroblasts,1827,19394,26522,2287.8070898011833,0.7985813175178031,-0.32448877378002916,1.0,"P值为描述性参考: 细胞非独立(患者/ROI聚类), 推断以患者级bootstrap为准"
STA,2,Fibroblasts,1210,20493,26522,2417.450277987813,0.5005273576948828,-0.9984791692185414,1.0,"P值为描述性参考: 细胞非独立(患者/ROI聚类), 推断以患者级bootstrap为准"
STA,3,Fibroblasts,3118,6624,26522,781.3980696526264,3.9902837248959666,1.9964913313968964,0.0,"P值为描述性参考: 细胞非独立(患者/ROI聚类), 推断以患者级bootstrap为准"
STA,4,Fibroblasts,258,494,26522,58.27455410754793,4.427318303008395,2.146433100037013,2.4201735924132285e-106,"P值为描述性参考: 细胞非独立(患者/ROI聚类), 推断以患者级bootstrap为准"
STA,5,Fibroblasts,1294,11697,26522,1379.8329137570609,0.9377947047781664,-0.09265596192784768,0.9947754094599652,"P值为描述性参考: 细胞非独立(患者/ROI聚类), 推断以患者级bootstrap为准"
STA,6,Fibroblasts,1167,2071,26522,244.304861450874,4.776818574421475,2.256050083685273,0.0,"P值为描述性参考: 细胞非独立(患者/ROI聚类), 推断以患者级bootstrap为准"
STA,7,Fibroblasts,2218,15330,26522,1808.3986122848373,1.226499503446117,0.29454664981400697,2.806672946839566e-25,"P值为描述性参考: 细胞非独立(患者/ROI聚类), 推断以患者级bootstrap为准"
STA,8,Fibroblasts,652,2404,26522,283.58710136547614,2.29911726189453,1.201080049718329,4.5355532882023174e-94,"P值为描述性参考: 细胞非独立(患者/ROI聚类), 推断以患者级bootstrap为准"
STA,9,Fibroblasts,4687,23532,26522,2775.9449539652182,1.688434056772268,0.755685834764156,0.0,"P值为描述性参考: 细胞非独立(患者/ROI聚类), 推断以患者级bootstrap为准"
STA,10,Fibroblasts,272,48659,26522,5740.043579593471,0.04738639981183975,-4.399383133592278,1.0,"P值为描述性参考: 细胞非独立(患者/ROI聚类), 推断以患者级bootstrap为准"
STA,11,Fibroblasts,362,3518,26522,414.9997598185296,0.8722896614646108,-0.19712080419031905,0.9979249336424055,"P值为描述性参考: 细胞非独立(患者/ROI聚类), 推断以患者级bootstrap为准"
STA,12,Fibroblasts,132,3876,26522,457.2311168438376,0.2886942623484727,-1.7923856598581909,1.0,"P值为描述性参考: 细胞非独立(患者/ROI聚类), 推断以患者级bootstrap为准"
STA,13,Fibroblasts,3049,5603,26522,660.9561268513988,4.613014201902541,2.205709733977995,0.0,"P值为描述性参考: 细胞非独立(患者/ROI聚类), 推断以患者级bootstrap为准"
STA,14,Fibroblasts,1167,4056,26522,478.4647600409198,2.439051101485916,1.2863199849024445,1.3162382292538065e-190,"P值为描述性参考: 细胞非独立(患者/ROI聚类), 推断以患者级bootstrap为准"
STA,15,Fibroblasts,277,656,26522,77.38483298492194,3.5795127974750827,1.8397632376295414,2.8031376255470926e-86,"P值为描述性参考: 细胞非独立(患者/ROI聚类), 推断以患者级bootstrap为准"
STA,16,Fibroblasts,813,1757,26522,207.2639505404083,3.9225345163991605,1.9717861422650884,3.647965945879955e-285,"P值为描述性参考: 细胞非独立(患者/ROI聚类), 推断以患者级bootstrap为准"
STA,17,Fibroblasts,311,33712,26522,3976.825441444647,0.07820308046687213,-3.6766307524882667,1.0,"P值为描述性参考: 细胞非独立(患者/ROI聚类), 推断以患者级bootstrap为准"
STA,18,Fibroblasts,656,3636,26522,428.91959258106124,1.5294241889312226,0.6129885966224135,1.3880057507993952e-28,"P值为描述性参考: 细胞非独立(患者/ROI聚类), 推断以患者级bootstrap为准"
STA,19,Fibroblasts,118,1510,26522,178.12667348663436,0.6624499166255079,-0.5941167086521634,0.9999998495861429,"P值为描述性参考: 细胞非独立(患者/ROI聚类), 推断以患者级bootstrap为准"
STA,0,Myeloid,3312,15808,34376,2417.007552372904,1.3702894708576459,0.4544806917677053,1.5245945887497695e-86,"P值为描述性参考: 细胞非独立(患者/ROI聚类), 推断以患者级bootstrap为准"
STA,1,Myeloid,434,19394,34376,2965.298865809723,0.14635961487864707,-2.7724105703084176,1.0,"P值为描述性参考: 细胞非独立(患者/ROI聚类), 推断以患者级bootstrap为准"
STA,2,Myeloid,315,20493,34376,3133.333487523907,0.1005319099464661,-3.3142745933385984,1.0,"P值为描述性参考: 细胞非独立(患者/ROI聚类), 推断以患者级bootstrap为准"
STA,3,Myeloid,50,6624,34376,1012.7946626339901,0.049368348634425324,-4.340269801871543,1.0,"P值为描述性参考: 细胞非独立(患者/ROI聚类), 推断以患者级bootstrap为准"
STA,4,Myeloid,4,494,34376,75.53148601165324,0.052958047182904186,-4.23900626573162,1.0,"P值为描述性参考: 细胞非独立(患者/ROI聚类), 推断以患者级bootstrap为准"
STA,5,Myeloid,5540,11697,34376,1788.4449228305832,3.0976631873190743,1.6311802866708163,0.0,"P值为描述性参考: 细胞非独立(患者/ROI聚类), 推断以患者级bootstrap为准"
STA,6,Myeloid,34,2071,34376,316.6512298180848,0.10737365529744793,-3.219288031117115,1.0,"P值为描述性参考: 细胞非独立(患者/ROI聚类), 推断以患者级bootstrap为准"
STA,7,Myeloid,2818,15330,34376,2343.9224302806565,1.2022582162254314,0.26574678561655435,2.8324416985603654e-27,"P值为描述性参考: 细胞非独立(患者/ROI聚类), 推断以患者级bootstrap为准"
STA,8,Myeloid,96,2404,34376,367.5661788907174,0.2611774573213444,-1.9368977141369719,1.0,"P值为描述性参考: 细胞非独立(患者/ROI聚类), 推断以患者级bootstrap为准"
STA,9,Myeloid,13135,23532,34376,3597.989734466041,3.650649659774334,1.8681532249607464,0.0,"P值为描述性参考: 细胞非独立(患者/ROI聚类), 推断以患者级bootstrap为准"
STA,10,Myeloid,894,48659,34376,7439.851372147845,0.12016369081603132,-3.056927064004679,1.0,"P值为描述性参考: 细胞非独立(患者/ROI聚类), 推断以患者级bootstrap为准"
STA,11,Myeloid,124,3518,34376,537.8942667793444,0.23052857719130035,-2.116982491232028,1.0,"P值为描述性参考: 细胞非独立(患者/ROI聚类), 推断以患者级bootstrap为准"
STA,12,Myeloid,12,3876,34376,592.6316594760485,0.020248665099345718,-5.626029388840867,1.0,"P值为描述性参考: 细胞非独立(患者/ROI聚类), 推断以患者级bootstrap为准"
STA,13,Myeloid,689,5603,34376,856.6860650269092,0.8042619439343371,-0.3142626386728415,0.9999999999598181,"P值为描述性参考: 细胞非独立(患者/ROI聚类), 推断以患者级bootstrap为准"
STA,14,Myeloid,1435,4056,34376,620.1532535693635,2.3139441609645552,1.2103540504127672,3.2602589284138555e-222,"P值为描述性参考: 细胞非独立(患者/ROI聚类), 推断以患者级bootstrap为准"
STA,15,Myeloid,5,656,34376,100.3009206956367,0.04984999106012703,-4.326262943877664,1.0,"P值为描述性参考: 细胞非独立(患者/ROI聚类), 推断以患者级bootstrap为准"
STA,16,Myeloid,241,1757,34376,268.6413378997465,0.8971069079842735,-0.15664817392535701,0.9708172476010727,"P值为描述性参考: 细胞非独立(患者/ROI聚类), 推断以患者级bootstrap为准"
STA,17,Myeloid,4600,33712,34376,5154.488778187964,0.8924260383426633,-0.16419548713251103,1.0,"P值为描述性参考: 细胞非独立(患者/ROI聚类), 推断以患者级bootstrap为准"
STA,18,Myeloid,607,3636,34376,555.9362006849619,1.091851905402316,0.12677718791463255,0.009993222334659,"P值为描述性参考: 细胞非独立(患者/ROI聚类), 推断以患者级bootstrap为准"
STA,19,Myeloid,31,1510,34376,230.87559489391984,0.13427144611903885,-2.8967755579725085,1.0,"P值为描述性参考: 细胞非独立(患者/ROI聚类), 推断以患者级bootstrap为准"
STA,0,Tumor,506,15808,71835,5050.78361428635,0.10018247437264154,-3.3192979451078912,1.0,"P值为描述性参考: 细胞非独立(患者/ROI聚类), 推断以患者级bootstrap为准"
STA,1,Tumor,14180,19394,71835,6196.539563225549,2.288373995730407,1.1943228553034004,0.0,"P值为描述性参考: 细胞非独立(患者/ROI聚类), 推断以患者级bootstrap为准"
STA,2,Tumor,421,20493,71835,6547.678935195481,0.06429759372241288,-3.9590914427300623,1.0,"P值为描述性参考: 细胞非独立(患者/ROI聚类), 推断以患者级bootstrap为准"
STA,3,Tumor,163,6624,71835,2116.4214740025795,0.07701679556848105,-3.698683091485771,1.0,"P值为描述性参考: 细胞非独立(患者/ROI聚类), 推断以患者级bootstrap为准"
STA,4,Tumor,19,494,71835,157.83698794644843,0.12037736051100009,-3.054364006358616,1.0,"P值为描述性参考: 细胞非独立(患者/ROI聚类), 推断以患者级bootstrap为准"
STA,5,Tumor,1966,11697,71835,3737.285927144954,0.5260501974763,-0.926727621995735,1.0,"P值为描述性参考: 细胞非独立(患者/ROI聚类), 推断以患者级bootstrap为准"
STA,6,Tumor,21,2071,71835,661.7012186985722,0.03173637800048578,-4.977718703659275,1.0,"P值为描述性参考: 细胞非独立(患者/ROI聚类), 推断以患者级bootstrap为准"
STA,7,Tumor,175,15330,71835,4898.058755504158,0.035728440334315104,-4.806783252931335,1.0,"P值为描述性参考: 细胞非独立(患者/ROI聚类), 推断以患者级bootstrap为准"
STA,8,Tumor,934,2404,71835,768.0974069296802,1.215991606759204,0.28213327078095296,4.12481649853151e-13,"P值为描述性参考: 细胞非独立(患者/ROI聚类), 推断以患者级bootstrap为准"
STA,9,Tumor,1874,23532,71835,7518.663968331628,0.24924640972029447,-2.004355371471642,1.0,"P值为描述性参考: 细胞非独立(患者/ROI聚类), 推断以患者级bootstrap为准"
STA,10,Tumor,46052,48659,71835,15546.94331272517,2.9621256779335168,1.5666328530119524,0.0,"P值为描述性参考: 细胞非独立(患者/ROI聚类), 推断以患者级bootstrap为准"
STA,11,Tumor,2531,3518,71835,1124.0293999911044,2.251720462133847,1.1710277364211998,0.0,"P值为描述性参考: 细胞非独立(患者/ROI聚类), 推断以患者级bootstrap为准"
STA,12,Tumor,14,3876,71835,1238.4132900413647,0.011304788242003105,-6.466922221575,1.0,"P值为描述性参考: 细胞非独立(患者/ROI聚类), 推断以患者级bootstrap为准"
STA,13,Tumor,159,5603,71835,1790.2037317084018,0.08881670682714161,-3.4930251101633583,1.0,"P值为描述性参考: 细胞非独立(患者/ROI聚类), 推断以患者级bootstrap为准"
STA,14,Tumor,710,4056,71835,1295.9247431392607,0.5478713202744235,-0.8680910108288197,1.0,"P值为描述性参考: 细胞非独立(患者/ROI聚类), 推断以患者级bootstrap为准"
STA,15,Tumor,85,656,71835,209.597295734555,0.40553958342882657,-1.3020853566979054,1.0,"P值为描述性参考: 细胞非独立(患者/ROI聚类), 推断以患者级bootstrap为准"
STA,16,Tumor,10,1757,71835,561.37568385002,0.017813382887228245,-5.810894669338538,1.0,"P值为描述性参考: 细胞非独立(患者/ROI聚类), 推断以患者级bootstrap为准"
STA,17,Tumor,646,33712,71835,10771.256149090425,0.0599744348345621,-4.059508532340905,1.0,"P值为描述性参考: 细胞非独立(患者/ROI聚类), 推断以患者级bootstrap为准"
STA,18,Tumor,411,3636,71835,1161.731352577503,0.3537823086965201,-1.4990661887299477,1.0,"P值为描述性参考: 细胞非独立(患者/ROI聚类), 推断以患者级bootstrap为准"
STA,19,Tumor,958,1510,71835,482.4571898767958,1.985668407687411,0.9896247233062154,1.051955851036847e-139,"P值为描述性参考: 细胞非独立(患者/ROI聚类), 推断以患者级bootstrap为准"
STA,0,Vessel,5202,15808,40478,2846.0446737535026,1.8277998402391022,0.8701080915638033,0.0,"P值为描述性参考: 细胞非独立(患者/ROI聚类), 推断以患者级bootstrap为准"
STA,1,Vessel,990,19394,40478,3491.661842280834,0.2835326113233546,-1.8184134144334925,1.0,"P值为描述性参考: 细胞非独立(患者/ROI聚类), 推断以患者级bootstrap为准"
STA,2,Vessel,18002,20493,40478,3689.5238802650892,4.879220350433555,2.2866506382750766,0.0,"P值为描述性参考: 细胞非独立(患者/ROI聚类), 推断以患者级bootstrap为准"
STA,3,Vessel,2866,6624,40478,1192.5733754392209,2.4032064265600948,1.2649605759683102,0.0,"P值为描述性参考: 细胞非独立(患者/ROI聚类), 推断以患者级bootstrap为准"
STA,4,Vessel,135,494,40478,88.93889605479696,1.5178960610982164,0.602073004671643,2.0545191792383808e-07,"P值为描述性参考: 细胞非独立(患者/ROI聚类), 推断以患者级bootstrap为准"
STA,5,Vessel,1541,11697,40478,2105.9074233865585,0.7317510650690818,-0.4505751543985168,1.0,"P值为描述性参考: 细胞非独立(患者/ROI聚类), 推断以患者级bootstrap为准"
STA,6,Vessel,395,2071,40478,372.85921807587954,1.0593810769608347,0.08322164404944322,0.10743684849992169,"P值为描述性参考: 细胞非独立(患者/ROI聚类), 推断以患者级bootstrap为准"
STA,7,Vessel,1022,15330,40478,2759.9863897166747,0.37029168107778715,-1.4332659564030286,1.0,"P值为描述性参考: 细胞非独立(患者/ROI聚类), 推断以患者级bootstrap为准"
STA,8,Vessel,508,2404,40478,432.8119556998621,1.173719887609292,0.23108814526647029,4.6270450796327956e-05,"P值为描述性参考: 细胞非独立(患者/ROI聚类), 推断以患者级bootstrap为准"
STA,9,Vessel,2198,23532,40478,4236.660125428101,0.5188048922800714,-0.9467360107585843,1.0,"P值为描述性参考: 细胞非独立(患者/ROI聚类), 推断以患者级bootstrap为准"
STA,10,Vessel,305,48659,40478,8760.481261397501,0.0348154388896376,-4.8441289793853155,1.0,"P值为描述性参考: 细胞非独立(患者/ROI聚类), 推断以患者级bootstrap为准"
STA,11,Vessel,293,3518,40478,633.3745674509629,0.46260146058467155,-1.1121582738442233,1.0,"P值为描述性参考: 细胞非独立(患者/ROI聚类), 推断以患者级bootstrap为准"
STA,12,Vessel,3626,3876,40478,697.8282613530223,5.1961208807587305,2.3774349935345667,0.0,"P值为描述性参考: 细胞非独立(患者/ROI聚类), 推断以患者级bootstrap为准"
STA,13,Vessel,1173,5603,40478,1008.7543210425655,1.1628202977982625,0.217628160003808,7.617864155050932e-09,"P值为描述性参考: 细胞非独立(患者/ROI聚类), 推断以患者级bootstrap为准"
STA,14,Vessel,502,4056,40478,730.235146555175,0.6874497925334657,-0.5406737438470788,1.0,"P值为描述性参考: 细胞非独立(患者/ROI聚类), 推断以患者级bootstrap为准"
STA,15,Vessel,137,656,40478,118.10509273673442,1.1599838484982508,0.21410471754793275,0.03236862400941028,"P值为描述性参考: 细胞非独立(患者/ROI聚类), 推断以患者级bootstrap为准"
STA,16,Vessel,217,1757,40478,316.32720722323535,0.685998532673988,-0.5437226043584071,0.999999999963521,"P值为描述性参考: 细胞非独立(患者/ROI聚类), 推断以患者级bootstrap为准"
STA,17,Vessel,734,33712,40478,6069.449521860962,0.12093353727653168,-3.0477137067686035,1.0,"P值为描述性参考: 细胞非独立(患者/ROI聚类), 推断以患者级bootstrap为准"
STA,18,Vessel,483,3636,40478,654.6190810834853,0.7378336714545015,-0.43863246615284424,0.9999999999999966,"P值为描述性参考: 细胞非独立(患者/ROI聚类), 推断以患者级bootstrap为准"
STA,19,Vessel,149,1510,40478,271.8577591958369,0.5480807332508968,-0.86753967454479,1.0,"P值为描述性参考: 细胞非独立(患者/ROI聚类), 推断以患者级bootstrap为准"
STA,0,other,47,15808,4833,339.8125872881733,0.1383115333515951,-2.8540066317077692,1.0,"P值为描述性参考: 细胞非独立(患者/ROI聚类), 推断以患者级bootstrap为准"
STA,1,other,1769,19394,4833,416.8981096828715,4.243243034480663,2.085167312283775,0.0,"P值为描述性参考: 细胞非独立(患者/ROI聚类), 推断以患者级bootstrap为准"
STA,2,other,47,20493,4833,440.5224792065116,0.10669149071497659,-3.2284829777020265,1.0,"P值为描述性参考: 细胞非独立(患者/ROI聚类), 推断以患者级bootstrap为准"
STA,3,other,411,6624,4833,142.39110438998355,2.8864162670888844,1.5292793743816286,1.0146848774830535e-80,"P值为描述性参考: 细胞非独立(患者/ROI聚类), 推断以患者级bootstrap为准"
STA,4,other,77,494,4833,10.619143352755415,7.251055705921922,2.858191057309495,1.1171446384852578e-41,"P值为描述性参考: 细胞非独立(患者/ROI聚类), 推断以患者级bootstrap为准"
STA,5,other,54,11697,4833,251.44153805097184,0.2147616516291481,-2.219191689756052,1.0,"P值为描述性参考: 细胞非独立(患者/ROI聚类), 推断以患者级bootstrap为准"
STA,6,other,451,2071,4833,44.518716363474624,10.13057061928279,3.34064353323414,2.947465169034218e-306,"P值为描述性参考: 细胞非独立(患者/ROI聚类), 推断以患者级bootstrap为准"
STA,7,other,70,15330,4833,329.53738380109417,0.2124189953582061,-2.2350153114019022,1.0,"P值为描述性参考: 细胞非独立(患者/ROI聚类), 推断以患者级bootstrap为准"
STA,8,other,171,2404,4833,51.676964817862384,3.3090178690388767,1.7264030823739835,3.965599929474947e-41,"P值为描述性参考: 细胞非独立(患者/ROI聚类), 推断以患者级bootstrap为准"
STA,9,other,53,23532,4833,505.8495574434017,0.104774234196953,-3.2546441181508348,1.0,"P值为描述性参考: 细胞非独立(患者/ROI聚类), 推断以患者级bootstrap为准"
STA,10,other,342,48659,4833,1045.9856202464084,0.3269643419375433,-1.6127947879558848,1.0,"P值为描述性参考: 细胞非独立(患者/ROI聚类), 推断以患者级bootstrap为准"
STA,11,other,189,3518,4833,75.62377796557399,2.4992139388492065,1.3214744049483829,2.071227994214455e-29,"P值为描述性参考: 细胞非独立(患者/ROI聚类), 推断以患者级bootstrap为准"
STA,12,other,91,3876,4833,83.31943246008095,1.0921821874338724,0.1272135329828864,0.2094079321423699,"P值为描述性参考: 细胞非独立(患者/ROI聚类), 推断以患者级bootstrap为准"
STA,13,other,344,5603,4833,120.44344171151536,2.8561123388016805,1.5140527256711789,2.71272747438679e-66,"P值为描述性参考: 细胞非独立(患者/ROI聚类), 推断以患者级bootstrap为准"
STA,14,other,74,4056,4833,87.1887559489392,0.8487332935836015,-0.2366168231751197,0.9355582601042799,"P值为描述性参考: 细胞非独立(患者/ROI聚类), 推断以患者级bootstrap为准"
STA,15,other,152,656,4833,14.101534492727838,10.778968776652386,3.430147257024773,5.101393458715603e-107,"P值为描述性参考: 细胞非独立(患者/ROI聚类), 推断以患者级bootstrap为准"
STA,16,other,195,1757,4833,37.76889649957746,5.162978484218663,2.3682035859405057,2.8886962355022397e-77,"P值为描述性参考: 细胞非独立(患者/ROI聚类), 推断以患者级bootstrap为准"
STA,17,other,16,33712,4833,724.6812969799404,0.022078671088489387,-5.501202850618035,1.0,"P值为描述性参考: 细胞非独立(患者/ROI聚类), 推断以患者级bootstrap为准"
STA,18,other,27,3636,4833,78.16033447493662,0.3454437622533203,-1.5334772338313674,0.9999999999964938,"P值为描述性参考: 细胞非独立(患者/ROI聚类), 推断以患者级bootstrap为准"
STA,19,other,253,1510,4833,32.45932482319975,7.794370381332533,2.96243248868114,6.935757348984981e-142,"P值为描述性参考: 细胞非独立(患者/ROI聚类), 推断以患者级bootstrap为准"
