scenario,marker,mean_shift_in_SD,std_ratio_dev
ALL_142ROI,CD11b,0.0,0.0
ALL_142ROI,CD11c,0.0,0.0
ALL_142ROI,CD14,0.0,0.0
ALL_142ROI,CD15,0.0,0.0
ALL_142ROI,CD16,0.0,0.0
ALL_142ROI,CD163,0.0,0.0
ALL_142ROI,CD20,0.0,0.0
ALL_142ROI,CD206,0.0,0.0
ALL_142ROI,CD209,0.0,0.0
ALL_142ROI,CD3,0.0,0.0
ALL_142ROI,CD31,0.0,0.0
ALL_142ROI,CD36,0.0,0.0
ALL_142ROI,CD4,0.0,0.0
ALL_142ROI,CD44,0.0,0.0
ALL_142ROI,CD45,0.0,0.0
ALL_142ROI,CD45RA,0.0,0.0
ALL_142ROI,CD56,0.0,0.0
ALL_142ROI,CD68,0.0,0.0
ALL_142ROI,CD86,0.0,0.0
ALL_142ROI,CD8a,0.0,0.0
ALL_142ROI,Collagen,0.0,0.0
ALL_142ROI,E-Cadherin,0.0,0.0
ALL_142ROI,FoxP3,0.0,0.0
ALL_142ROI,GranzymeB,0.0,0.0
ALL_142ROI,HistoneH3,0.0,0.0
ALL_142ROI,Ki67,0.0,0.0
ALL_142ROI,Pancytokeratin,0.0,0.0
ALL_142ROI,Podoplanin,0.0,0.0
ALL_142ROI,VEGF,0.0,0.0
ALL_142ROI,Vimentin,0.0,0.0
ALL_142ROI,aSMA,0.0,0.0
ALL_142ROI,pCREB,0.0,0.0
ALL_142ROI,pERK,0.0,0.0
ALL_142ROI,pMAPKAPK2,0.0,0.0
ALL_142ROI,pNFkB,0.0,0.0
ALL_142ROI,pS6,0.0,0.0
ALL_142ROI,pSTAT1,0.0,0.0
ALL_142ROI,pSTAT3,0.0,0.0
ALL_142ROI,pp38,0.0,0.0
only_UOP,CD11b,-0.16807895265039227,-0.08564008410655655
only_UOP,CD11c,-0.09056314281242794,-0.08463477479716153
only_UOP,CD14,-0.015488652198181097,0.1080309102685455
only_UOP,CD15,-0.1311698596579636,-0.4025305421966019
only_UOP,CD16,-0.31037120590930456,-0.22281308931016197
only_UOP,CD163,-0.28391235957585914,-0.24880509388470695
only_UOP,CD20,-0.07902448318425516,-0.049857990420066334
only_UOP,CD206,-0.36366060587064963,-0.207190631076694
only_UOP,CD209,-0.1581160577236607,-0.00598988896228092
only_UOP,CD3,0.054902568282617754,0.02181846320317149
only_UOP,CD31,-0.06819741422298874,-0.07120296056176623
only_UOP,CD36,-0.09786889048361723,-0.07549110100687195
only_UOP,CD4,-0.19245078399898885,-0.10698914608724297
only_UOP,CD44,-0.15255836270300102,-0.10425324504324662
only_UOP,CD45,-0.31321059968628967,-0.171222709277416
only_UOP,CD45RA,-0.02228911032112875,0.07600208299678801
only_UOP,CD56,-0.2089647607050812,-0.0800602812573672
only_UOP,CD68,-0.2333674671655347,-0.14010007739621444
only_UOP,CD86,0.0,0.0
only_UOP,CD8a,-0.02504156270381879,-0.01608877945404108
only_UOP,Collagen,-0.0223057030975072,0.042910511825965614
only_UOP,E-Cadherin,-0.13520783863797206,-0.030023255244405744
only_UOP,FoxP3,-0.38472992101199216,-0.32268908206017954
only_UOP,GranzymeB,0.04499317780369115,0.031070961607675196
only_UOP,HistoneH3,-0.532652963015331,-0.2069077349397772
only_UOP,Ki67,-0.1058413414385996,-0.15504159537242557
only_UOP,Pancytokeratin,-0.165993807220358,-0.09426703369199618
only_UOP,Podoplanin,0.0,0.0
only_UOP,VEGF,-0.28673685642376584,-0.1830606002031504
only_UOP,Vimentin,-0.28842364949717186,-0.10049429193331338
only_UOP,aSMA,-0.26552648466308804,-0.15667588544286926
only_UOP,pCREB,0.040944263651550926,-0.022454563791554638
only_UOP,pERK,0.1692188911851737,0.14061024876874173
only_UOP,pMAPKAPK2,-0.1733870000910612,-0.16291913403524683
only_UOP,pNFkB,-0.3125649948164328,-0.18074319116756032
only_UOP,pS6,0.006569333109126691,0.028759204848831876
only_UOP,pSTAT1,-0.3191620368702516,-0.26941093513683956
only_UOP,pSTAT3,-0.3512878415564275,-0.3088753659960326
only_UOP,pp38,-0.2598565920428703,-0.1616642849166271
only_STA,CD11b,0.19249864924464719,0.05752279731940635
only_STA,CD11c,0.10372079542287517,0.07958658617441916
only_STA,CD14,0.01773895291322823,-0.1405865405783443
only_STA,CD15,0.15022714270649043,0.301606988437757
only_STA,CD16,0.35546412539972433,0.10310052805328684
only_STA,CD163,0.3251611511162397,0.14059705556037905
only_STA,CD20,0.09050571788049476,0.046906391824963256
only_STA,CD206,0.41649578552051175,0.04904185493383495
only_STA,CD209,0.1810882746217679,-0.024165349129752656
only_STA,CD3,-0.06287920092201532,-0.029396084477019246
only_STA,CD31,0.07810561591973585,0.0704494959312858
only_STA,CD36,0.1120879736819601,0.0690451060964381
only_STA,CD4,0.22041139227548753,0.06815603271782456
only_STA,CD44,0.17472311844057736,0.08128086889695374
only_STA,CD45,0.3587160463459489,0.05716167537474548
only_STA,CD45RA,0.02552742959201313,-0.0955247809624038
only_STA,CD56,0.23932463607819374,0.033806763203089174
only_STA,CD68,0.26727273997506773,0.07917672345417293
only_STA,CD8a,0.02867977768452039,0.017357051126889456
only_STA,Collagen,0.025546433084060727,-0.052171423698895825
only_STA,E-Cadherin,0.15485178777401815,0.011346569006300156
only_STA,FoxP3,0.44062619947932813,0.12080908213715547
only_STA,GranzymeB,-0.051530104250769,-0.03940115588323434
only_STA,HistoneH3,0.6100405451114692,-0.1468778141154118
only_STA,Ki67,0.12121871858370596,0.140210526308838
only_STA,Pancytokeratin,0.19011055916893632,0.06679383810123674
only_STA,VEGF,0.328396010802382,0.08578394180969462
only_STA,Vimentin,0.33032787307939904,0.007091047481468715
only_STA,aSMA,0.30410404652295214,0.07588895126088913
only_STA,pCREB,-0.04689293527211814,0.02310186994609187
only_STA,pERK,-0.19380420609580037,-0.23519763806625293
only_STA,pMAPKAPK2,0.1985778872833361,0.1264614521186207
only_STA,pNFkB,0.3579766434437208,0.06609243361878114
only_STA,pS6,-0.00752377219160425,-0.034043676537264034
only_STA,pSTAT1,0.36553215033108033,0.13300505839373944
only_STA,pSTAT3,0.40232541867592425,0.1379978871429346
only_STA,pp38,0.2976103918830143,0.08372671427424128
fold0_train(38pat),CD11b,-0.012256829778536737,-0.006875068798787076
fold0_train(38pat),CD11c,0.001757493920872482,0.0038081162514487232
fold0_train(38pat),CD14,-0.03481653537684864,-0.03528120110585553
fold0_train(38pat),CD15,-0.004480770287205543,-0.014645593500174692
fold0_train(38pat),CD16,-0.009635394946398273,0.011498218854915754
fold0_train(38pat),CD163,-0.013754666951830847,0.006619714416190359
fold0_train(38pat),CD20,-0.01604571138953353,-0.04906988528978806
fold0_train(38pat),CD206,-0.015838787092281165,0.00878387153881266
fold0_train(38pat),CD209,-0.007206647313631101,0.014163195350169966
fold0_train(38pat),CD3,-0.015537944340979541,-0.010267939419658312
fold0_train(38pat),CD31,0.019730163459294858,0.020145548233901023
fold0_train(38pat),CD36,0.003652609456834901,0.027069076035716177
fold0_train(38pat),CD4,-0.01822916282387986,-0.00816946349968839
fold0_train(38pat),CD44,-0.013369576173172875,0.01449238632928207
fold0_train(38pat),CD45,-0.03125846448869296,-0.023732039090492263
fold0_train(38pat),CD45RA,0.018879932485487246,0.021983213072304553
fold0_train(38pat),CD56,-0.01282280511004117,0.006840502927114356
fold0_train(38pat),CD68,-0.004153064444136765,0.00185046794758148
fold0_train(38pat),CD86,-0.02950535766524968,-0.03511566488670703
fold0_train(38pat),CD8a,-0.01498823504923964,-0.021767048007281353
fold0_train(38pat),Collagen,0.02878544504082274,0.023994627590204542
fold0_train(38pat),E-Cadherin,-0.025316557723231582,-0.017367737508491743
fold0_train(38pat),FoxP3,-0.014958116297583044,0.0021581754849067103
fold0_train(38pat),GranzymeB,0.018722292355562227,0.01587069189664647
fold0_train(38pat),HistoneH3,-0.021101432176568048,0.014869445108725898
fold0_train(38pat),Ki67,0.021245098735643807,0.042335964592972175
fold0_train(38pat),Pancytokeratin,-0.014501769805842573,-0.0006316233573285812
fold0_train(38pat),Podoplanin,-0.01918205675743376,-0.021070098289532324
fold0_train(38pat),VEGF,-0.004271645636527334,0.015627703065520304
fold0_train(38pat),Vimentin,0.004270196915630207,0.016558224272428035
fold0_train(38pat),aSMA,-0.01238983478968672,0.016797806632303347
fold0_train(38pat),pCREB,-0.013020765450573006,0.011672709013213378
fold0_train(38pat),pERK,-0.0015692375633437339,-0.0031276013963191795
fold0_train(38pat),pMAPKAPK2,-0.0056726552371572396,0.022581641860552448
fold0_train(38pat),pNFkB,-0.00010171848767864583,0.032232004792649205
fold0_train(38pat),pS6,-0.01891206890991013,-0.0068644601333582855
fold0_train(38pat),pSTAT1,-0.026580133192355714,-0.014130581162818845
fold0_train(38pat),pSTAT3,-0.026121789736283346,-0.009692865727623734
fold0_train(38pat),pp38,-0.016273868546021107,0.004885857520501524
fold1_train(38pat),CD11b,0.0021783839415538144,0.02320962448415642
fold1_train(38pat),CD11c,-0.02037797795437145,-0.019893921408705162
fold1_train(38pat),CD14,-0.03855599590363335,-0.0298179763980847
fold1_train(38pat),CD15,-0.007236086609894862,-0.027072409469083958
fold1_train(38pat),CD16,-0.03526159088568785,-0.042766924293587194
fold1_train(38pat),CD163,-0.016116846784526923,-0.015225339676082195
fold1_train(38pat),CD20,-0.005361630257305635,0.00499025062931846
fold1_train(38pat),CD206,-0.03020515844484546,-0.02615855693909297
fold1_train(38pat),CD209,-0.05056675472162719,-0.03568859463721752
fold1_train(38pat),CD3,-0.05340744689192017,-0.07210149010679967
fold1_train(38pat),CD31,-0.03714217756175398,-0.03220031015629865
fold1_train(38pat),CD36,-0.015612854820770735,-0.0016336026325137754
fold1_train(38pat),CD4,-0.046304163167089206,-0.056123510203980764
fold1_train(38pat),CD44,-0.060673222596594294,-0.0445393279231755
fold1_train(38pat),CD45,-0.05712838496887378,-0.03827989563318823
fold1_train(38pat),CD45RA,-0.03533929636624534,-0.028752171500804113
fold1_train(38pat),CD56,-0.042599062533575115,-0.021518522185097422
fold1_train(38pat),CD68,-0.032745060650649985,-0.02815326625587755
fold1_train(38pat),CD86,-0.007473869501417602,-0.006211651467133095
fold1_train(38pat),CD8a,-0.026042015040350974,-0.046894566400812576
fold1_train(38pat),Collagen,-0.0417772045636716,-0.031240305233231846
fold1_train(38pat),E-Cadherin,-0.03179555235486857,-0.021780161007873944
fold1_train(38pat),FoxP3,-0.03223776202859283,-0.03471716372717448
fold1_train(38pat),GranzymeB,-0.023407538148069906,0.00846329610470331
fold1_train(38pat),HistoneH3,-0.053691243268639784,-0.01575200005454147
fold1_train(38pat),Ki67,-0.029713380654694768,-0.06686399910973262
fold1_train(38pat),Pancytokeratin,-0.025800402250335936,-0.03201684553797002
fold1_train(38pat),Podoplanin,-0.037036375047803584,-0.07162180302799426
fold1_train(38pat),VEGF,-0.04550658783230321,-0.022839482941935052
fold1_train(38pat),Vimentin,-0.05713229326510543,-0.057874779786688424
fold1_train(38pat),aSMA,-0.03495040076533323,-0.048026351557257985
fold1_train(38pat),pCREB,-0.1280632924777013,-0.05433319003235859
fold1_train(38pat),pERK,-0.05187218558053384,-0.040747236413486765
fold1_train(38pat),pMAPKAPK2,-0.09414751531932809,-0.12306726035354609
fold1_train(38pat),pNFkB,-0.03910213779832803,-0.01501523081430245
fold1_train(38pat),pS6,-0.05263115352420485,-0.021963039424649056
fold1_train(38pat),pSTAT1,-0.02287837347518549,-0.02387495616772961
fold1_train(38pat),pSTAT3,-0.03146036756853808,-0.030956914732726215
fold1_train(38pat),pp38,-0.06262426823757271,-0.05756853839393827
fold2_train(38pat),CD11b,0.038644334659436945,0.03681088765554419
fold2_train(38pat),CD11c,0.035453923962084785,0.03383902718243026
fold2_train(38pat),CD14,0.06415117069972733,0.03510224123767025
fold2_train(38pat),CD15,0.007287038954153306,0.02571716986589223
fold2_train(38pat),CD16,0.042722605556191354,0.03837534309848967
fold2_train(38pat),CD163,0.036276833099929975,0.042684368321449506
fold2_train(38pat),CD20,0.013981778573127285,0.030170468768173198
fold2_train(38pat),CD206,0.04355089368954041,0.02866061951008181
fold2_train(38pat),CD209,0.05686458610107871,0.02361620465654557
fold2_train(38pat),CD3,0.03596735292950547,0.035937419770994294
fold2_train(38pat),CD31,0.029352778897357112,0.03232872618905969
fold2_train(38pat),CD36,0.038819487395243685,0.031366902212222936
fold2_train(38pat),CD4,0.03634761650363635,0.02732760438802395
fold2_train(38pat),CD44,0.05315629601680804,0.03023874651748204
fold2_train(38pat),CD45,0.059659996109952186,0.0269858281493216
fold2_train(38pat),CD45RA,-0.02463167345533979,-0.024633541451070218
fold2_train(38pat),CD56,0.04666163122728383,-0.00240781576202842
fold2_train(38pat),CD68,0.07248503390105891,0.0278486332987804
fold2_train(38pat),CD86,0.03556054628050367,0.0374252170848377
fold2_train(38pat),CD8a,0.018306290423910774,0.03944967799886556
fold2_train(38pat),Collagen,0.020209452069802004,0.005174552991691339
fold2_train(38pat),E-Cadherin,0.053798699349784124,0.03656344587522664
fold2_train(38pat),FoxP3,0.038785894764467865,0.025154713206004375
fold2_train(38pat),GranzymeB,0.0374177234349967,0.024612193206974498
fold2_train(38pat),HistoneH3,0.06457455779281811,-0.013268793262166234
fold2_train(38pat),Ki67,0.021355116581123292,0.026517211504857974
fold2_train(38pat),Pancytokeratin,0.03268568537473957,0.016298612036657945
fold2_train(38pat),Podoplanin,0.040599616367605305,0.04133877260719654
fold2_train(38pat),VEGF,0.058939042442980795,0.021314476289443496
fold2_train(38pat),Vimentin,0.0791006893940166,0.0340788420230822
fold2_train(38pat),aSMA,0.056439653943502366,0.02524306101855256
fold2_train(38pat),pCREB,0.0989543711196454,0.01492600345386097
fold2_train(38pat),pERK,0.05425661536142108,0.05026737712225948
fold2_train(38pat),pMAPKAPK2,0.07390838851393512,0.04093879116969279
fold2_train(38pat),pNFkB,0.051569321486117294,0.022217505858854514
fold2_train(38pat),pS6,0.06066312652862571,0.0220451731769995
fold2_train(38pat),pSTAT1,0.03461006573262107,0.02403860189349749
fold2_train(38pat),pSTAT3,0.04482956368329176,0.026372885600430385
fold2_train(38pat),pp38,0.04622256046473341,0.022077834264343288
fold3_train(39pat),CD11b,-0.06161357715605283,-0.10193290129954624
fold3_train(39pat),CD11c,-0.03677773862325053,-0.04322471385584448
fold3_train(39pat),CD14,-0.01736583340168936,-0.004244348080060023
fold3_train(39pat),CD15,-0.008232796930710199,-0.020804614279234412
fold3_train(39pat),CD16,-0.0334400935645581,-0.04521855103720962
fold3_train(39pat),CD163,-0.033878595813997374,-0.07685760225508853
fold3_train(39pat),CD20,-0.010291613267998361,-0.03548030585518891
fold3_train(39pat),CD206,-0.021611721341224216,-0.025178688422413664
fold3_train(39pat),CD209,-0.0295470083493558,-0.027448032357838548
fold3_train(39pat),CD3,-0.0021041709607655928,-0.0011960567623643392
fold3_train(39pat),CD31,-0.029125077776889736,-0.03249635021514974
fold3_train(39pat),CD36,-0.05174406987665144,-0.08864297068962257
fold3_train(39pat),CD4,-0.001783130675029766,0.0033314357050520105
fold3_train(39pat),CD44,0.03915514058935062,0.03452289926043872
fold3_train(39pat),CD45,-0.03459266573334169,-0.013804389068842404
fold3_train(39pat),CD45RA,-0.01846309968112501,-0.009151804847824185
fold3_train(39pat),CD56,-0.02209538037464506,-0.0019003706835082346
fold3_train(39pat),CD68,-0.049004063373140776,-0.03683648457016486
fold3_train(39pat),CD86,-0.01572188037829379,-0.018728831369767218
fold3_train(39pat),CD8a,-0.010515407477231904,-0.029864140433661257
fold3_train(39pat),Collagen,-0.008091112358101315,-0.013318481101489699
fold3_train(39pat),E-Cadherin,-0.03756706489301554,-0.0459885041080369
fold3_train(39pat),FoxP3,-0.007567602562205901,-0.004414546618116244
fold3_train(39pat),GranzymeB,-0.04732321412606218,-0.07421515378158816
fold3_train(39pat),HistoneH3,-0.03530068337924929,0.005844197964491871
fold3_train(39pat),Ki67,-0.0304001326177633,-0.04673117335838595
fold3_train(39pat),Pancytokeratin,-0.022191768147226,-0.021245144061979082
fold3_train(39pat),Podoplanin,-0.0008419173404638258,0.014321347631093717
fold3_train(39pat),VEGF,-0.03813025282708625,-0.038646237659220595
fold3_train(39pat),Vimentin,-0.0342678208882504,-0.0071267151352299996
fold3_train(39pat),aSMA,-0.02126397284297301,-0.011166277007190528
fold3_train(39pat),pCREB,-0.01901341179376265,-0.01902573475067526
fold3_train(39pat),pERK,-0.025423232706279428,-0.04699820115625042
fold3_train(39pat),pMAPKAPK2,-0.018243115036275574,0.0016504817695537355
fold3_train(39pat),pNFkB,-0.03375744282237571,-0.06974550464397422
fold3_train(39pat),pS6,0.0015600190376771658,-0.003595946164457575
fold3_train(39pat),pSTAT1,-0.0028204945622192527,-0.0009634811512299057
fold3_train(39pat),pSTAT3,-0.011847698232318274,-0.004152747115255595
fold3_train(39pat),pp38,0.00040583650364866603,0.004542074466576063
fold4_train(39pat),CD11b,0.03328814231087974,0.03939500455842837
fold4_train(39pat),CD11c,0.020138137177319264,0.022040803875625237
fold4_train(39pat),CD14,0.02586638629125932,0.027165247447574536
fold4_train(39pat),CD15,0.012387855712497547,0.03417906557142669
fold4_train(39pat),CD16,0.03510955218930011,0.032054180516117636
fold4_train(39pat),CD163,0.027238536819771144,0.03676056306325082
fold4_train(39pat),CD20,0.017244394188570922,0.04455250774010766
fold4_train(39pat),CD206,0.02368455158190182,0.010941197268262037
fold4_train(39pat),CD209,0.03005705182648035,0.01995920017564523
fold4_train(39pat),CD3,0.03381113251578087,0.03928331624449588
fold4_train(39pat),CD31,0.017401410048032334,0.00909675702553936
fold4_train(39pat),CD36,0.02527421736136084,0.025477528957015272
fold4_train(39pat),CD4,0.028853473497417473,0.027775815677586246
fold4_train(39pat),CD44,-0.01863162561526509,-0.04132060883185884
fold4_train(39pat),CD45,0.06173917168886461,0.038868521263087485
fold4_train(39pat),CD45RA,0.05801155902588863,0.034982925487513805
fold4_train(39pat),CD56,0.03022867602785484,0.015334823103824391
fold4_train(39pat),CD68,0.014103226191901196,0.02875682310191685
fold4_train(39pat),CD86,0.01941622681087727,0.022026059336825776
fold4_train(39pat),CD8a,0.03223357047939267,0.05255498590444807
fold4_train(39pat),Collagen,0.0012158225275633596,0.012914007626786184
fold4_train(39pat),E-Cadherin,0.040195107426695215,0.04125218568626998
fold4_train(39pat),FoxP3,0.015512543039475767,0.009104011543365598
fold4_train(39pat),GranzymeB,0.015328494283845372,0.02053934637101773
fold4_train(39pat),HistoneH3,0.04464423726066379,0.002405733095673046
fold4_train(39pat),Ki67,0.017756930570274054,0.037917664246020166
fold4_train(39pat),Pancytokeratin,0.029207397675177025,0.033756510992669186
fold4_train(39pat),Podoplanin,0.01826175307872322,0.03236836145014044
fold4_train(39pat),VEGF,0.0288460179748445,0.019370491570555926
fold4_train(39pat),Vimentin,0.008606071103779618,0.006564560284058496
fold4_train(39pat),aSMA,0.01217944278161064,0.012727952052250524
fold4_train(39pat),pCREB,0.059387025165298625,0.028795942876288505
fold4_train(39pat),pERK,0.02435046319570428,0.03328460025214364
fold4_train(39pat),pMAPKAPK2,0.04301767519089733,0.038837082216503616
fold4_train(39pat),pNFkB,0.02145469338376076,0.02474134463820632
fold4_train(39pat),pS6,0.008851497744310752,0.006222979504646453
fold4_train(39pat),pSTAT1,0.016959271194841308,0.012304561362821653
fold4_train(39pat),pSTAT3,0.023867096775219365,0.014738639608341764
fold4_train(39pat),pp38,0.03103519042116603,0.01949577849729578
task1_fold0_train(38pat),CD11b,0.0019359247587584277,0.03021558127268409
task1_fold0_train(38pat),CD11c,0.005702659962328401,0.005078380869223187
task1_fold0_train(38pat),CD14,0.012415435764690806,0.03672781648163226
task1_fold0_train(38pat),CD15,-0.01392609813212064,-0.020552213008179776
task1_fold0_train(38pat),CD16,-0.0171908151845494,0.020918378603755228
task1_fold0_train(38pat),CD163,-0.02151720837056686,0.014674391989216717
task1_fold0_train(38pat),CD20,-0.0017407090105748405,0.026509470032651583
task1_fold0_train(38pat),CD206,-0.031482185616518506,0.00639391713955173
task1_fold0_train(38pat),CD209,0.0018918199350330379,0.017760019862017362
task1_fold0_train(38pat),CD3,0.02464782560387882,0.027165836811873456
task1_fold0_train(38pat),CD31,0.007678098212829508,-0.000253376179667808
task1_fold0_train(38pat),CD36,-0.017974032330336974,-0.03680115217563795
task1_fold0_train(38pat),CD4,-0.0025107874622722396,0.021434514824562045
task1_fold0_train(38pat),CD44,0.015528561656015722,0.01160301911338335
task1_fold0_train(38pat),CD45,-0.018542077809834405,0.019753983542471376
task1_fold0_train(38pat),CD45RA,0.02218963753691185,0.0314476693881236
task1_fold0_train(38pat),CD56,-0.0366526896553945,-0.014269936436922315
task1_fold0_train(38pat),CD68,0.0030655553747905343,0.021128107131120677
task1_fold0_train(38pat),CD86,0.0034118401809918306,0.0012695197535748104
task1_fold0_train(38pat),CD8a,0.01156805015499617,0.030174989222967907
task1_fold0_train(38pat),Collagen,0.009037386817287083,0.006813780311037521
task1_fold0_train(38pat),E-Cadherin,-0.016853541797011776,0.005623911133650683
task1_fold0_train(38pat),FoxP3,-0.04458071932031937,-0.014951359045695889
task1_fold0_train(38pat),GranzymeB,0.024179223854466567,0.019961799038671568
task1_fold0_train(38pat),HistoneH3,-0.058647660446468936,0.014747989209411339
task1_fold0_train(38pat),Ki67,0.001652761118970632,0.01821542423098066
task1_fold0_train(38pat),Pancytokeratin,-0.0003661349959034034,0.012648622707345458
task1_fold0_train(38pat),Podoplanin,-0.014920918344515558,-0.01302564146424956
task1_fold0_train(38pat),VEGF,-0.025166995145587238,-0.0010354474776310685
task1_fold0_train(38pat),Vimentin,-0.016719779169587442,0.020997383197196795
task1_fold0_train(38pat),aSMA,-0.03632263852702035,-0.00385175143290728
task1_fold0_train(38pat),pCREB,0.009657516340576194,-0.009417784650240346
task1_fold0_train(38pat),pERK,0.037930799495890316,0.03921417408292882
task1_fold0_train(38pat),pMAPKAPK2,-0.04387847427923034,-0.08283313266330339
task1_fold0_train(38pat),pNFkB,-0.030493682770758028,-0.012083979516813614
task1_fold0_train(38pat),pS6,-0.013176225015742577,-0.003088804506820475
task1_fold0_train(38pat),pSTAT1,-0.05026037299378229,-0.03264242440071552
task1_fold0_train(38pat),pSTAT3,-0.04341286227885134,-0.016972562407758573
task1_fold0_train(38pat),pp38,-0.034175694994234805,-0.0195928477275662
task1_fold1_train(39pat),CD11b,-0.05867615383675097,-0.10548458615079825
task1_fold1_train(39pat),CD11c,-0.019102239387933786,-0.012723916250622747
task1_fold1_train(39pat),CD14,0.019083679033152674,0.01571627545586729
task1_fold1_train(39pat),CD15,-0.01243622550274143,-0.045576953017847255
task1_fold1_train(39pat),CD16,-0.027574313239894184,-0.028017247172923754
task1_fold1_train(39pat),CD163,-0.01883824589343173,-0.005609616816127594
task1_fold1_train(39pat),CD20,0.018105754678176756,0.06197961681698927
task1_fold1_train(39pat),CD206,-0.022267678034593338,-0.0051438786691684335
task1_fold1_train(39pat),CD209,0.0111961472451213,0.008633402439937932
task1_fold1_train(39pat),CD3,0.037480252141831795,0.03406061105364944
task1_fold1_train(39pat),CD31,-0.008529569837251847,-0.009232223217736202
task1_fold1_train(39pat),CD36,-0.009295547533810013,-0.005931709715421785
task1_fold1_train(39pat),CD4,-0.0044662174916341585,0.0003491560106474445
task1_fold1_train(39pat),CD44,0.025048137805412207,0.021303617921457185
task1_fold1_train(39pat),CD45,-0.023073950832950635,-0.004107459505208744
task1_fold1_train(39pat),CD45RA,0.0018665428525561868,0.019522662976877214
task1_fold1_train(39pat),CD56,-0.013692701609925391,-0.012248422357433286
task1_fold1_train(39pat),CD68,-0.018381051276595773,-0.011421795919733135
task1_fold1_train(39pat),CD86,0.009308583101832595,0.011958287382506594
task1_fold1_train(39pat),CD8a,0.020094319104435043,0.041470169131768264
task1_fold1_train(39pat),Collagen,0.03299019344381393,0.02854899089617491
task1_fold1_train(39pat),E-Cadherin,0.024489365437884863,0.023484229218087682
task1_fold1_train(39pat),FoxP3,-0.021379011464247748,-0.012047394746470763
task1_fold1_train(39pat),GranzymeB,-0.03367889963169979,-0.0780332463944321
task1_fold1_train(39pat),HistoneH3,-0.015104038346952786,-0.004669699870140209
task1_fold1_train(39pat),Ki67,-0.009352005849488462,-0.025265711068844565
task1_fold1_train(39pat),Pancytokeratin,0.009728988477355857,0.011198237000543898
task1_fold1_train(39pat),Podoplanin,0.005204951201035193,0.014438852351192688
task1_fold1_train(39pat),VEGF,0.001755989834578894,-0.0029563873088263026
task1_fold1_train(39pat),Vimentin,0.005935970481357523,0.015037394569531237
task1_fold1_train(39pat),aSMA,-0.014605367693150576,-0.0049512353261707
task1_fold1_train(39pat),pCREB,0.04899650664273671,0.012574616305988329
task1_fold1_train(39pat),pERK,0.03967127204037423,0.03796743944544212
task1_fold1_train(39pat),pMAPKAPK2,0.0066808775662685425,0.002617047788323612
task1_fold1_train(39pat),pNFkB,5.6836904600870816e-05,0.026174011387383622
task1_fold1_train(39pat),pS6,0.0034742445823187623,0.005582175270927969
task1_fold1_train(39pat),pSTAT1,-0.01871229487067375,-0.009282933090849044
task1_fold1_train(39pat),pSTAT3,-0.020444861141798137,-0.010658642226359705
task1_fold1_train(39pat),pp38,-0.013185090527440279,-0.002663894657835675
task1_fold2_train(38pat),CD11b,0.003931698009794719,0.01394546023632559
task1_fold2_train(38pat),CD11c,-0.006543783323527867,-0.0025007163796617604
task1_fold2_train(38pat),CD14,-0.04335055674120166,-0.047180291386712314
task1_fold2_train(38pat),CD15,0.005741281994024566,0.012074245535196981
task1_fold2_train(38pat),CD16,0.0036129046595713412,0.01353875380161762
task1_fold2_train(38pat),CD163,0.008366974023491007,0.0058554955885654625
task1_fold2_train(38pat),CD20,-0.045275439355901656,-0.1687448613053002
task1_fold2_train(38pat),CD206,0.0021484878896858815,-0.0023080282557345067
task1_fold2_train(38pat),CD209,-0.023541269126449185,-0.0048170616364831
task1_fold2_train(38pat),CD3,-0.04755576104488893,-0.03867450821115337
task1_fold2_train(38pat),CD31,-0.012483365885979501,-0.01405191505625425
task1_fold2_train(38pat),CD36,-0.007193568411368819,0.0028238139500424975
task1_fold2_train(38pat),CD4,-0.022027897812678127,-0.033434131174235104
task1_fold2_train(38pat),CD44,-0.01900424149411585,-0.0008465457810545862
task1_fold2_train(38pat),CD45,-0.029633077217195287,-0.03360718769618343
task1_fold2_train(38pat),CD45RA,-0.01584760875648978,-0.022093546524346808
task1_fold2_train(38pat),CD56,-0.012252124965273727,0.0011889462020346908
task1_fold2_train(38pat),CD68,-0.009887568463089472,-0.012591862956548128
task1_fold2_train(38pat),CD86,-0.022237803103590505,-0.022838799910001262
task1_fold2_train(38pat),CD8a,-0.02714379646311435,-0.041513219700585635
task1_fold2_train(38pat),Collagen,-0.009985030088728367,-0.004134588121241345
task1_fold2_train(38pat),E-Cadherin,-0.041907921034473584,-0.047540505992394344
task1_fold2_train(38pat),FoxP3,0.0002108445853942381,-0.005558167581632412
task1_fold2_train(38pat),GranzymeB,-0.0007216870543679461,0.029096472885110636
task1_fold2_train(38pat),HistoneH3,-0.025782662182413915,-0.006463111068735206
task1_fold2_train(38pat),Ki67,-0.005139654572042166,-0.00618780032928945
task1_fold2_train(38pat),Pancytokeratin,-0.046183346021417326,-0.04985372076836303
task1_fold2_train(38pat),Podoplanin,0.030929872261233782,0.05115881295433633
task1_fold2_train(38pat),VEGF,-0.01717005763533974,0.000745061782208456
task1_fold2_train(38pat),Vimentin,0.00272542225281687,-0.015301195110665744
task1_fold2_train(38pat),aSMA,0.006202997300038213,-0.0028573266865155045
task1_fold2_train(38pat),pCREB,-0.06963674766564269,-0.011838965098662335
task1_fold2_train(38pat),pERK,-0.04392356720947832,-0.02623203046743461
task1_fold2_train(38pat),pMAPKAPK2,-0.023881062016486973,0.009855386611278938
task1_fold2_train(38pat),pNFkB,-0.01639810337280245,-0.012245879196913556
task1_fold2_train(38pat),pS6,-0.06682974691956427,-0.04135977235039956
task1_fold2_train(38pat),pSTAT1,0.003094271552904825,0.0005018225754291894
task1_fold2_train(38pat),pSTAT3,-0.00250812685201526,-0.010810668772726073
task1_fold2_train(38pat),pp38,-0.006796588142618357,-0.009899675032689292
task1_fold3_train(39pat),CD11b,0.051588050717786556,0.04974761191552357
task1_fold3_train(39pat),CD11c,0.03316479500186685,0.02917662831182244
task1_fold3_train(39pat),CD14,0.045326737142822864,0.02447276936248355
task1_fold3_train(39pat),CD15,0.018613108525062805,0.045806673118753416
task1_fold3_train(39pat),CD16,0.053416596829211974,0.036499597001291795
task1_fold3_train(39pat),CD163,0.04359517985891075,0.04585871044271572
task1_fold3_train(39pat),CD20,0.020857071377923093,0.049344438724546524
task1_fold3_train(39pat),CD206,0.04512838857920883,0.01568814700087029
task1_fold3_train(39pat),CD209,0.03986704825502705,0.014323852158633077
task1_fold3_train(39pat),CD3,0.0361896543281199,0.0339020306731832
task1_fold3_train(39pat),CD31,0.023084576654851745,0.018895191761681973
task1_fold3_train(39pat),CD36,0.02055456813927946,0.013951410242488249
task1_fold3_train(39pat),CD4,0.037054963238679024,0.028080003445500656
task1_fold3_train(39pat),CD44,-0.00886438274844261,-0.031583548985285925
task1_fold3_train(39pat),CD45,0.08816015437925526,0.03787400887384029
task1_fold3_train(39pat),CD45RA,0.04557827375936885,0.027997841288770697
task1_fold3_train(39pat),CD56,0.059325088450192597,0.016991326259346407
task1_fold3_train(39pat),CD68,0.05117100886466141,0.028785228969152143
task1_fold3_train(39pat),CD86,0.03243470143036754,0.029845774761373844
task1_fold3_train(39pat),CD8a,0.02856320687333674,0.04434440567586351
task1_fold3_train(39pat),Collagen,0.00934695168257316,0.006770150251542928
task1_fold3_train(39pat),E-Cadherin,0.0430325292145314,0.03496138330211829
task1_fold3_train(39pat),FoxP3,0.038281386123067765,0.016727929167213107
task1_fold3_train(39pat),GranzymeB,0.03591009259155931,0.029810010729591774
task1_fold3_train(39pat),HistoneH3,0.08533295085647569,-0.02085371827232496
task1_fold3_train(39pat),Ki67,0.03230628056938036,0.044396059093543716
task1_fold3_train(39pat),Pancytokeratin,0.025126506289263856,0.027657387067935746
task1_fold3_train(39pat),Podoplanin,0.05218112296411562,0.05113609176608991
task1_fold3_train(39pat),VEGF,0.036275223586164494,0.010908019661175938
task1_fold3_train(39pat),Vimentin,0.042628554155354416,0.00127165850226163
task1_fold3_train(39pat),aSMA,0.03641382222570712,0.003543866299251297
task1_fold3_train(39pat),pCREB,0.06364637406013651,0.02083506177474881
task1_fold3_train(39pat),pERK,0.007335079852831362,0.005811591401042815
task1_fold3_train(39pat),pMAPKAPK2,0.057751582675156676,0.03751024806458281
task1_fold3_train(39pat),pNFkB,0.049390311336011475,0.042605864730061116
task1_fold3_train(39pat),pS6,0.0767156166648624,0.03281707705702663
task1_fold3_train(39pat),pSTAT1,0.0398405173623568,0.021228683885557764
task1_fold3_train(39pat),pSTAT3,0.04246794214582482,0.02094172434867758
task1_fold3_train(39pat),pp38,0.04019438659793801,0.021205237092156493
task1_fold4_train(38pat),CD11b,0.0006438654995567775,0.0008374429010407081
task1_fold4_train(38pat),CD11c,-0.01373330370394856,-0.02115944365648792
task1_fold4_train(38pat),CD14,-0.03447131354555408,-0.03601146520352516
task1_fold4_train(38pat),CD15,0.0017329102727030238,0.004901954754955806
task1_fold4_train(38pat),CD16,-0.013119559255140151,-0.048152370814248724
task1_fold4_train(38pat),CD163,-0.012341516729163953,-0.06664937725970077
task1_fold4_train(38pat),CD20,0.00760077638852059,0.010500132878971113
task1_fold4_train(38pat),CD206,0.005769490636759874,-0.01702573808817165
task1_fold4_train(38pat),CD209,-0.030271406682106032,-0.0389681215603106
task1_fold4_train(38pat),CD3,-0.05173357199008292,-0.06600155295186494
task1_fold4_train(38pat),CD31,-0.01012925152667949,0.0035740983488725675
task1_fold4_train(38pat),CD36,0.013610618556635989,0.024135618019373695
task1_fold4_train(38pat),CD4,-0.008711324789437978,-0.01932289821285249
task1_fold4_train(38pat),CD44,-0.012707775352115399,-0.0015664473842962323
task1_fold4_train(38pat),CD45,-0.0184255623667387,-0.027491196155161268
task1_fold4_train(38pat),CD45RA,-0.05473528859281756,-0.06391363820470675
task1_fold4_train(38pat),CD56,0.002250349979639233,0.0051290161915380494
task1_fold4_train(38pat),CD68,-0.0268461176741544,-0.029541145662243307
task1_fold4_train(38pat),CD86,-0.025775390663386643,-0.02528820936044307
task1_fold4_train(38pat),CD8a,-0.033785565343714415,-0.08402691502938653
task1_fold4_train(38pat),Collagen,-0.041853632988576556,-0.04126237590190651
task1_fold4_train(38pat),E-Cadherin,-0.0097165054674251,-0.021934974990931333
task1_fold4_train(38pat),FoxP3,0.02692375419228156,0.012862709121423288
task1_fold4_train(38pat),GranzymeB,-0.026175940808539563,-0.006931798749032381
task1_fold4_train(38pat),HistoneH3,0.012724578195764885,0.011314523389063025
task1_fold4_train(38pat),Ki67,-0.02004423489889687,-0.03477963752539537
task1_fold4_train(38pat),Pancytokeratin,0.011226159722394847,-0.005489988665172252
task1_fold4_train(38pat),Podoplanin,-0.07491184341313997,-0.12413949485114428
task1_fold4_train(38pat),VEGF,0.0036259455660277327,-0.009115039167881478
task1_fold4_train(38pat),Vimentin,-0.035490266409775165,-0.024622648522690693
task1_fold4_train(38pat),aSMA,0.007717247363311991,0.006554257786351991
task1_fold4_train(38pat),pCREB,-0.05421720551913178,-0.020498097308114582
task1_fold4_train(38pat),pERK,-0.04143556434059902,-0.06449846474482634
task1_fold4_train(38pat),pMAPKAPK2,0.0022062844349574396,0.024655218222253694
task1_fold4_train(38pat),pNFkB,-0.0034872583724864805,-0.05003097678021273
task1_fold4_train(38pat),pS6,-0.001588101392394177,-0.0013192838438503829
task1_fold4_train(38pat),pSTAT1,0.025438441139129145,0.016360632078359805
task1_fold4_train(38pat),pSTAT3,0.023265489571913642,0.01428050180659235
task1_fold4_train(38pat),pp38,0.013313829030188113,0.008473371964433651
