branch,core_id,window,target,arm,win_mean_meas,win_mean_pred,pixel_r_z
primary,Core_A2,1,CD45,virtues,3.420992612838745,4.458225250244141,0.41348843704215854
primary,Core_A2,1,CD31,virtues,3.6340723037719727,3.2229089736938477,0.394961264067195
primary,Core_A2,1,CD68,virtues,3.4126389026641846,3.3137035369873047,0.7928396549350974
primary,Core_A2,1,CD163,virtues,3.168660879135132,3.0439674854278564,0.5712656857639787
primary,Core_A2,1,Ki67,virtues,3.0637125968933105,2.761432409286499,0.8638561543753712
primary,Core_A2,1,aSMA,virtues,7.3932390213012695,5.083383560180664,0.34271976462891457
primary,Core_A2,2,CD45,virtues,3.1421210765838623,4.316288948059082,0.5410069664624128
primary,Core_A2,2,CD31,virtues,3.7948858737945557,2.908812999725342,0.6638399895108582
primary,Core_A2,2,CD68,virtues,2.987874984741211,2.961456775665283,0.8181557433391462
primary,Core_A2,2,CD163,virtues,2.1532464027404785,3.0227949619293213,0.6095015937983063
primary,Core_A2,2,Ki67,virtues,2.6603095531463623,2.355992078781128,0.9046392339077916
primary,Core_A2,2,aSMA,virtues,5.302783966064453,4.842848300933838,0.5561199587873202
primary,Core_A3,1,CD45,virtues,2.9562809467315674,4.431684970855713,0.3924800271671537
primary,Core_A3,1,CD31,virtues,4.279653549194336,3.609311580657959,0.2506162043336782
primary,Core_A3,1,CD68,virtues,4.518876552581787,4.02490234375,0.7655672916396457
primary,Core_A3,1,CD163,virtues,3.29172682762146,3.7841272354125977,0.6413272052117632
primary,Core_A3,1,Ki67,virtues,3.770833730697632,3.038227081298828,0.796636708669137
primary,Core_A3,1,aSMA,virtues,7.080195903778076,5.190883159637451,0.5458951917721968
primary,Core_A3,2,CD45,virtues,3.6898462772369385,4.266947269439697,0.4213763279420547
primary,Core_A3,2,CD31,virtues,4.411981582641602,3.44588565826416,0.3207881680082176
primary,Core_A3,2,CD68,virtues,3.863051176071167,3.2783455848693848,0.3726305961255841
primary,Core_A3,2,CD163,virtues,3.3152780532836914,3.321591854095459,0.35565592448412353
primary,Core_A3,2,Ki67,virtues,3.3295629024505615,2.6453845500946045,0.813244735607076
primary,Core_A3,2,aSMA,virtues,6.4684672355651855,5.014502048492432,0.061909300817796685
primary,Core_A4,1,CD45,virtues,2.8824849128723145,4.044058799743652,0.4579453679902628
primary,Core_A4,1,CD31,virtues,4.984817981719971,3.2363879680633545,0.4563045411251125
primary,Core_A4,1,CD68,virtues,4.2920331954956055,3.652365207672119,0.7362812256630963
primary,Core_A4,1,CD163,virtues,3.4146296977996826,3.4275660514831543,0.5098481377161879
primary,Core_A4,1,Ki67,virtues,3.393174409866333,2.795178174972534,0.7687969374787897
primary,Core_A4,1,aSMA,virtues,5.7440690994262695,5.007807731628418,0.6224376815807497
primary,Core_A4,2,CD45,virtues,2.9320671558380127,3.72605037689209,0.45880595695386656
primary,Core_A4,2,CD31,virtues,4.5753936767578125,3.149911880493164,0.4695482867649111
primary,Core_A4,2,CD68,virtues,3.7772765159606934,2.6887669563293457,0.6665481324868038
primary,Core_A4,2,CD163,virtues,2.8139805793762207,3.186349630355835,0.5106970160079648
primary,Core_A4,2,Ki67,virtues,3.018932580947876,2.487553358078003,0.7296883571066023
primary,Core_A4,2,aSMA,virtues,5.490931510925293,5.111186504364014,0.5781400947807568
primary,Core_A5,1,CD45,virtues,3.309976100921631,2.6058478355407715,-0.04634738976688355
primary,Core_A5,1,CD31,virtues,1.7598226070404053,2.305384874343872,0.7410005660489181
primary,Core_A5,1,CD68,virtues,0.9128004312515259,2.239697217941284,-0.10764988822673892
primary,Core_A5,1,CD163,virtues,1.878953218460083,1.713126301765442,0.6104524175765503
primary,Core_A5,1,Ki67,virtues,1.5921063423156738,2.332634210586548,0.6836826525579056
primary,Core_A5,1,aSMA,virtues,6.22454309463501,4.286452293395996,-0.19902819840660535
primary,Core_A5,2,CD45,virtues,3.333110809326172,3.197654962539673,0.004167908928939063
primary,Core_A5,2,CD31,virtues,2.0607314109802246,2.700201988220215,0.5777167664873205
primary,Core_A5,2,CD68,virtues,1.4783750772476196,3.0559539794921875,0.13877992739138273
primary,Core_A5,2,CD163,virtues,2.110490560531616,2.117630958557129,0.6939733575232312
primary,Core_A5,2,Ki67,virtues,1.9125092029571533,2.3691534996032715,0.7623164349212931
primary,Core_A5,2,aSMA,virtues,5.93845796585083,4.446258544921875,-0.26079836168635523
primary,Core_B10,1,CD45,virtues,4.763583660125732,5.094939231872559,0.637130443865297
primary,Core_B10,1,CD31,virtues,5.051522254943848,4.740112781524658,0.5003184801194447
primary,Core_B10,1,CD68,virtues,4.261569976806641,4.720437049865723,0.7319949861483067
primary,Core_B10,1,CD163,virtues,4.266544342041016,3.9199886322021484,0.5075082665214274
primary,Core_B10,1,Ki67,virtues,4.4305338859558105,4.523937702178955,0.8263478984123346
primary,Core_B10,1,aSMA,virtues,6.601227283477783,6.38778829574585,0.37057429333628644
primary,Core_B10,2,CD45,virtues,4.5718231201171875,4.763951301574707,0.2821978188194759
primary,Core_B10,2,CD31,virtues,4.969184875488281,4.470128536224365,0.5026622709277375
primary,Core_B10,2,CD68,virtues,4.536694049835205,4.307430267333984,0.7162126019652656
primary,Core_B10,2,CD163,virtues,4.02143669128418,3.6654913425445557,0.4674872528651125
primary,Core_B10,2,Ki67,virtues,4.3980512619018555,4.605463027954102,0.7357309838966165
primary,Core_B10,2,aSMA,virtues,6.626224517822266,6.138436317443848,0.37583643104358366
primary,Core_B2,1,CD45,virtues,4.666323661804199,3.783141851425171,0.46376742155583317
primary,Core_B2,1,CD31,virtues,4.520953178405762,4.374850749969482,-0.05875037722772032
primary,Core_B2,1,CD68,virtues,3.758469343185425,4.0064239501953125,0.5235438721521275
primary,Core_B2,1,CD163,virtues,3.9439704418182373,3.3340797424316406,0.7383432406465609
primary,Core_B2,1,Ki67,virtues,4.118000030517578,3.929332971572876,0.6831108210097508
primary,Core_B2,1,aSMA,virtues,5.751828670501709,6.536927700042725,0.6696954125585811
primary,Core_B2,2,CD45,virtues,4.40254020690918,2.857072353363037,0.14379104396728898
primary,Core_B2,2,CD31,virtues,4.930102825164795,4.196290969848633,-0.3383767557712664
primary,Core_B2,2,CD68,virtues,3.281179428100586,3.5440526008605957,0.19213772299076373
primary,Core_B2,2,CD163,virtues,3.5766282081604004,3.0757877826690674,0.4342067265731005
primary,Core_B2,2,Ki67,virtues,4.201292514801025,3.520155906677246,0.5886499467895449
primary,Core_B2,2,aSMA,virtues,5.391412258148193,6.1260552406311035,0.2651963052403753
primary,Core_B5,1,CD45,virtues,3.449660062789917,3.8503150939941406,0.30627465018017974
primary,Core_B5,1,CD31,virtues,3.6538655757904053,3.285304069519043,0.8260623332389071
primary,Core_B5,1,CD68,virtues,3.5910098552703857,4.148148059844971,0.8663416190520449
primary,Core_B5,1,CD163,virtues,3.099452018737793,3.826338052749634,0.7371860124294216
primary,Core_B5,1,Ki67,virtues,3.105642080307007,2.7368836402893066,0.8646711897041548
primary,Core_B5,1,aSMA,virtues,6.833827495574951,5.593648910522461,0.681088912306072
primary,Core_B5,2,CD45,virtues,3.5891807079315186,3.895092487335205,0.38616677999090643
primary,Core_B5,2,CD31,virtues,3.7047853469848633,3.43206787109375,0.8031080640821956
primary,Core_B5,2,CD68,virtues,3.5527758598327637,4.037138938903809,0.8896227566612768
primary,Core_B5,2,CD163,virtues,3.0729942321777344,3.5130181312561035,0.7104687314586888
primary,Core_B5,2,Ki67,virtues,3.242832660675049,2.7278666496276855,0.8261799688136516
primary,Core_B5,2,aSMA,virtues,7.598240375518799,6.119905471801758,0.5480407850797867
primary,Core_B6,1,CD45,virtues,3.1841325759887695,3.4393112659454346,0.33650526656811974
primary,Core_B6,1,CD31,virtues,3.456618309020996,3.279921531677246,0.7736458441362338
primary,Core_B6,1,CD68,virtues,3.0274996757507324,3.267939567565918,0.7134244656075307
primary,Core_B6,1,CD163,virtues,3.096436023712158,2.730161190032959,0.6083416776999548
primary,Core_B6,1,Ki67,virtues,2.7349624633789062,2.2743611335754395,0.8003363221839508
primary,Core_B6,1,aSMA,virtues,7.153643608093262,5.266287803649902,0.5827545899747574
primary,Core_B6,2,CD45,virtues,3.0140628814697266,3.640252113342285,0.4452447071202988
primary,Core_B6,2,CD31,virtues,3.7598061561584473,3.322247266769409,0.6625824198611112
primary,Core_B6,2,CD68,virtues,3.5137343406677246,3.385134696960449,0.7548041140736466
primary,Core_B6,2,CD163,virtues,3.169424533843994,2.9084367752075195,0.7139010192161198
primary,Core_B6,2,Ki67,virtues,2.934906482696533,2.3938326835632324,0.7992357807447662
primary,Core_B6,2,aSMA,virtues,7.141818046569824,5.787700176239014,0.17696243805060882
primary,Core_B8,1,CD45,virtues,3.4911842346191406,4.4417548179626465,0.5449759284948493
primary,Core_B8,1,CD31,virtues,2.782742500305176,3.0464115142822266,0.8610556687477604
primary,Core_B8,1,CD68,virtues,4.451760292053223,3.947988271713257,0.8587339675660018
primary,Core_B8,1,CD163,virtues,2.363511562347412,2.3962693214416504,0.7631167701177596
primary,Core_B8,1,Ki67,virtues,2.2474775314331055,2.7739665508270264,0.869682319630937
primary,Core_B8,1,aSMA,virtues,5.5294318199157715,5.087252616882324,0.6251980926549189
primary,Core_B8,2,CD45,virtues,2.7712044715881348,2.9401767253875732,0.49456786805786945
primary,Core_B8,2,CD31,virtues,3.8395633697509766,2.848907947540283,0.6494412677358881
primary,Core_B8,2,CD68,virtues,3.1498751640319824,2.5437684059143066,0.7853060165065556
primary,Core_B8,2,CD163,virtues,2.498276710510254,2.2605063915252686,0.6536805904650947
primary,Core_B8,2,Ki67,virtues,2.5299158096313477,2.0696539878845215,0.7672487368410087
primary,Core_B8,2,aSMA,virtues,6.255709648132324,5.255093574523926,0.5700512040834463
primary,Core_C10,1,CD45,virtues,4.579911231994629,4.955314636230469,0.5867906832055231
primary,Core_C10,1,CD31,virtues,4.311978816986084,4.715121269226074,0.5833962668473214
primary,Core_C10,1,CD68,virtues,3.959831714630127,4.087864398956299,0.6434362132037983
primary,Core_C10,1,CD163,virtues,3.9969656467437744,4.075586795806885,0.5650976942910898
primary,Core_C10,1,Ki67,virtues,3.9258358478546143,3.9320778846740723,0.8907992348852802
primary,Core_C10,1,aSMA,virtues,6.463134765625,5.984150409698486,0.5341413175274683
primary,Core_C10,2,CD45,virtues,4.524541854858398,4.988633155822754,0.48571050959140993
primary,Core_C10,2,CD31,virtues,4.465695381164551,4.339086055755615,0.5643572660350092
primary,Core_C10,2,CD68,virtues,4.035623550415039,4.056285381317139,0.6967362388410921
primary,Core_C10,2,CD163,virtues,4.094851970672607,3.916790723800659,0.744670158189941
primary,Core_C10,2,Ki67,virtues,3.863467216491699,3.9000282287597656,0.8643446863246512
primary,Core_C10,2,aSMA,virtues,6.645313262939453,5.503022193908691,0.43645270098833094
primary,Core_C2,1,CD45,virtues,4.070488929748535,4.704465389251709,0.6530941414558862
primary,Core_C2,1,CD31,virtues,4.013216018676758,3.918804168701172,0.6993897843046688
primary,Core_C2,1,CD68,virtues,4.046537399291992,3.7504470348358154,0.6528638036651446
primary,Core_C2,1,CD163,virtues,3.698202133178711,3.666374921798706,0.4847855087392637
primary,Core_C2,1,Ki67,virtues,3.647806167602539,3.8392903804779053,0.8534058277502738
primary,Core_C2,1,aSMA,virtues,6.30490255355835,5.824041843414307,0.6684934609858577
primary,Core_C2,2,CD45,virtues,4.455749034881592,4.635928630828857,0.30963981215817776
primary,Core_C2,2,CD31,virtues,6.0317840576171875,4.389256477355957,0.3594712550306632
primary,Core_C2,2,CD68,virtues,4.109000205993652,4.036071300506592,0.6442397858170817
primary,Core_C2,2,CD163,virtues,4.043299198150635,3.4692583084106445,0.5627021276105123
primary,Core_C2,2,Ki67,virtues,3.866426467895508,3.1591525077819824,0.7260464825303615
primary,Core_C2,2,aSMA,virtues,6.943944931030273,5.675078392028809,0.7781831375335024
primary,Core_C3,1,CD45,virtues,3.084035634994507,3.010913848876953,0.4953507558217773
primary,Core_C3,1,CD31,virtues,3.5570385456085205,3.0869498252868652,0.7037876640953022
primary,Core_C3,1,CD68,virtues,2.8305013179779053,3.344569206237793,0.7590616304354693
primary,Core_C3,1,CD163,virtues,3.3045268058776855,2.9443910121917725,0.7984100843992665
primary,Core_C3,1,Ki67,virtues,2.7950315475463867,2.3930139541625977,0.675698801620025
primary,Core_C3,1,aSMA,virtues,6.417991638183594,5.139448642730713,0.5216324044733857
primary,Core_C3,2,CD45,virtues,3.6661531925201416,3.948453903198242,0.5779390757927696
primary,Core_C3,2,CD31,virtues,3.79903507232666,3.2825918197631836,0.7285186467864335
primary,Core_C3,2,CD68,virtues,3.4269661903381348,3.5948312282562256,0.8677638873120134
primary,Core_C3,2,CD163,virtues,3.700742721557617,3.966562509536743,0.8390233997624311
primary,Core_C3,2,Ki67,virtues,2.893742084503174,2.78468656539917,0.839746268682893
primary,Core_C3,2,aSMA,virtues,6.566967964172363,5.690622329711914,0.44120742766991233
primary,Core_C4,1,CD45,virtues,4.107027530670166,4.83740758895874,0.33600835510084937
primary,Core_C4,1,CD31,virtues,4.396801948547363,3.721369504928589,0.2996277607200379
primary,Core_C4,1,CD68,virtues,4.539397239685059,4.32796049118042,0.6890255937889672
primary,Core_C4,1,CD163,virtues,3.753943681716919,3.978961944580078,0.49006723725588225
primary,Core_C4,1,Ki67,virtues,4.034334182739258,3.127615451812744,0.7100016029131493
primary,Core_C4,1,aSMA,virtues,6.802488327026367,5.746091365814209,0.22486463093259768
primary,Core_C4,2,CD45,virtues,3.760894298553467,4.361264705657959,0.4383265221581634
primary,Core_C4,2,CD31,virtues,4.605064392089844,3.4641737937927246,0.4408998341907122
primary,Core_C4,2,CD68,virtues,4.033969402313232,3.648491144180298,0.6579409515169282
primary,Core_C4,2,CD163,virtues,3.3600809574127197,3.719820976257324,0.4651710787962345
primary,Core_C4,2,Ki67,virtues,3.505493402481079,2.8499391078948975,0.7763459249386334
primary,Core_C4,2,aSMA,virtues,6.396606922149658,5.391698360443115,0.31314345316595926
primary,Core_C5,1,CD45,virtues,4.439159393310547,4.873076915740967,0.5861688561529411
primary,Core_C5,1,CD31,virtues,4.676007270812988,4.241728782653809,0.4860517142364222
primary,Core_C5,1,CD68,virtues,3.8398277759552,4.341647148132324,0.8069158002750189
primary,Core_C5,1,CD163,virtues,3.996044635772705,3.5414068698883057,0.573849683117254
primary,Core_C5,1,Ki67,virtues,4.158988952636719,4.087335586547852,0.7484977494957707
primary,Core_C5,1,aSMA,virtues,6.504080295562744,5.964939117431641,0.1972950233700027
primary,Core_C5,2,CD45,virtues,4.383091449737549,5.050372123718262,0.4765499967432286
primary,Core_C5,2,CD31,virtues,4.511017799377441,4.08098840713501,0.5651997554905621
primary,Core_C5,2,CD68,virtues,4.651062965393066,4.545563697814941,0.7729149503310492
primary,Core_C5,2,CD163,virtues,3.8787314891815186,4.18813943862915,0.5269369350619862
primary,Core_C5,2,Ki67,virtues,4.1677470207214355,4.6434736251831055,0.7405326969069924
primary,Core_C5,2,aSMA,virtues,6.512040138244629,5.80594539642334,0.3361727009336473
primary,Core_C6,1,CD45,virtues,3.557994842529297,4.036966800689697,0.32864017359877723
primary,Core_C6,1,CD31,virtues,4.397523880004883,4.054849624633789,0.6106491726061023
primary,Core_C6,1,CD68,virtues,4.390563488006592,3.7088658809661865,0.6190009855974826
primary,Core_C6,1,CD163,virtues,3.6305809020996094,3.618607997894287,0.5604074511479562
primary,Core_C6,1,Ki67,virtues,3.2386934757232666,2.930346965789795,0.7550590699822678
primary,Core_C6,1,aSMA,virtues,7.406975746154785,5.749253273010254,0.6949530968362648
primary,Core_C6,2,CD45,virtues,3.843541383743286,4.770014762878418,0.36940423650367843
primary,Core_C6,2,CD31,virtues,4.158106803894043,3.7790205478668213,0.6571898091020784
primary,Core_C6,2,CD68,virtues,4.922021865844727,4.355806350708008,0.7833562345170877
primary,Core_C6,2,CD163,virtues,3.926710844039917,3.598050355911255,0.4075296171289335
primary,Core_C6,2,Ki67,virtues,3.935966730117798,3.3821969032287598,0.849949896039016
primary,Core_C6,2,aSMA,virtues,6.2135210037231445,5.433133602142334,0.5213466392347035
primary,Core_C7,1,CD45,virtues,4.258547782897949,4.076695442199707,0.02374631612585952
primary,Core_C7,1,CD31,virtues,4.295341968536377,3.7667388916015625,0.7294383709121132
primary,Core_C7,1,CD68,virtues,3.8680224418640137,3.647144079208374,0.39528592870509044
primary,Core_C7,1,CD163,virtues,3.513169765472412,3.453496217727661,0.19760027608604225
primary,Core_C7,1,Ki67,virtues,3.557777166366577,4.354583740234375,0.8225094810645617
primary,Core_C7,1,aSMA,virtues,5.896069049835205,5.451491355895996,0.21137718255525784
primary,Core_C7,2,CD45,virtues,4.274153709411621,3.994931221008301,0.11152218256875535
primary,Core_C7,2,CD31,virtues,4.151054382324219,3.7205026149749756,0.6467139344562524
primary,Core_C7,2,CD68,virtues,3.7576346397399902,3.5892343521118164,0.7072008657782736
primary,Core_C7,2,CD163,virtues,3.4992947578430176,3.2990267276763916,0.4030116164597116
primary,Core_C7,2,Ki67,virtues,3.5836474895477295,4.356173992156982,0.7967062898014471
primary,Core_C7,2,aSMA,virtues,5.813609600067139,5.459219932556152,0.5300964542129021
primary,Core_C9,1,CD45,virtues,3.679837465286255,4.268044948577881,0.5329825114279385
primary,Core_C9,1,CD31,virtues,3.6625771522521973,3.7448654174804688,0.5829319303271769
primary,Core_C9,1,CD68,virtues,3.835458517074585,3.916025400161743,0.836232896479674
primary,Core_C9,1,CD163,virtues,3.151712417602539,3.3129382133483887,0.6198390814733312
primary,Core_C9,1,Ki67,virtues,3.2656362056732178,3.5305216312408447,0.8730826566418094
primary,Core_C9,1,aSMA,virtues,6.639179706573486,5.548340797424316,0.05741246990291435
primary,Core_C9,2,CD45,virtues,3.3249120712280273,4.01823091506958,0.4134590581706134
primary,Core_C9,2,CD31,virtues,3.700307846069336,3.5311532020568848,0.7249722926704799
primary,Core_C9,2,CD68,virtues,3.6682803630828857,3.527627468109131,0.8027272766526253
primary,Core_C9,2,CD163,virtues,2.917349100112915,3.138099431991577,0.7188417986296058
primary,Core_C9,2,Ki67,virtues,2.9601824283599854,2.836609125137329,0.811818357823796
primary,Core_C9,2,aSMA,virtues,6.956896781921387,5.706326007843018,0.3043207653391648
primary,Core_D10,1,CD45,virtues,4.775944709777832,5.163000583648682,0.4450275948442572
primary,Core_D10,1,CD31,virtues,4.314288139343262,3.962024688720703,0.8714229050230579
primary,Core_D10,1,CD68,virtues,5.473189353942871,4.781499862670898,0.7283499174550407
primary,Core_D10,1,CD163,virtues,4.2477521896362305,3.070122241973877,0.8367790951874272
primary,Core_D10,1,Ki67,virtues,4.862435340881348,3.5471038818359375,0.7578659122260223
primary,Core_D10,1,aSMA,virtues,6.230297565460205,6.181382656097412,0.7885408366974362
primary,Core_D10,2,CD45,virtues,4.734333038330078,5.326188087463379,0.3519677407930739
primary,Core_D10,2,CD31,virtues,4.372623443603516,3.884967803955078,0.8156481361660234
primary,Core_D10,2,CD68,virtues,5.331136703491211,4.6975321769714355,0.5603856432455012
primary,Core_D10,2,CD163,virtues,4.21944522857666,3.0364389419555664,0.6022011461078229
primary,Core_D10,2,Ki67,virtues,4.896563529968262,3.5078256130218506,0.6544533235559724
primary,Core_D10,2,aSMA,virtues,6.152875900268555,6.334323883056641,0.7730342961054889
appended_D2,Core_D2,1,CD45,virtues,4.011617660522461,3.1193363666534424,0.10574701113437145
appended_D2,Core_D2,1,CD31,virtues,3.394237995147705,3.2123241424560547,0.6970664817994552
appended_D2,Core_D2,1,CD68,virtues,3.683781147003174,3.5691113471984863,0.6137069210902725
appended_D2,Core_D2,1,CD163,virtues,3.02284574508667,2.739805221557617,0.5015215392104551
appended_D2,Core_D2,1,Ki67,virtues,3.7429919242858887,3.700355291366577,0.7803191677117358
appended_D2,Core_D2,1,aSMA,virtues,5.48087739944458,5.147291660308838,0.572319523710159
appended_D2,Core_D2,2,CD45,virtues,3.2805511951446533,3.219752550125122,0.34837803455155375
appended_D2,Core_D2,2,CD31,virtues,3.446911096572876,2.943432331085205,0.7148577458472529
appended_D2,Core_D2,2,CD68,virtues,3.924056053161621,3.0797884464263916,0.753337953617198
appended_D2,Core_D2,2,CD163,virtues,3.206183433532715,2.730147361755371,0.774302793870858
appended_D2,Core_D2,2,Ki67,virtues,3.4216537475585938,2.9125328063964844,0.8134967938517662
appended_D2,Core_D2,2,aSMA,virtues,5.706894397735596,5.2493696212768555,0.4490693371614783
primary,Core_D3,1,CD45,virtues,4.399145126342773,3.8731672763824463,0.5637075474209843
primary,Core_D3,1,CD31,virtues,6.024866104125977,4.070174694061279,0.18037465750125398
primary,Core_D3,1,CD68,virtues,4.159320831298828,3.823805332183838,0.5531532744786439
primary,Core_D3,1,CD163,virtues,3.9785733222961426,3.5635721683502197,0.6737142758271253
primary,Core_D3,1,Ki67,virtues,3.997370481491089,3.437950372695923,0.826198625369171
primary,Core_D3,1,aSMA,virtues,6.880407333374023,5.334716796875,0.1514729034561322
primary,Core_D3,2,CD45,virtues,4.220822334289551,2.755460500717163,0.2842622044623396
primary,Core_D3,2,CD31,virtues,3.9087367057800293,3.3764615058898926,0.5198221091207957
primary,Core_D3,2,CD68,virtues,3.089193105697632,3.585268497467041,0.16556484693807663
primary,Core_D3,2,CD163,virtues,3.4013123512268066,2.888561964035034,0.7108026286970237
primary,Core_D3,2,Ki67,virtues,4.063387870788574,3.3150784969329834,0.6762363449047407
primary,Core_D3,2,aSMA,virtues,5.667398929595947,5.075741767883301,0.5789206592679578
primary,Core_D4,1,CD45,virtues,4.230525016784668,4.995326042175293,0.5106012879509145
primary,Core_D4,1,CD31,virtues,4.4390645027160645,3.638880729675293,0.2785146772474769
primary,Core_D4,1,CD68,virtues,4.091707229614258,4.179118633270264,-0.05027872927157403
primary,Core_D4,1,CD163,virtues,3.573760747909546,3.9910309314727783,0.2070265312904796
primary,Core_D4,1,Ki67,virtues,3.8389852046966553,4.057807445526123,0.5808270950696472
primary,Core_D4,1,aSMA,virtues,6.231239318847656,5.015059471130371,0.4160265687468738
primary,Core_D4,2,CD45,virtues,4.1199541091918945,4.9884352684021,0.36833809971201803
primary,Core_D4,2,CD31,virtues,4.059828281402588,3.528783082962036,0.427490429126154
primary,Core_D4,2,CD68,virtues,4.405255317687988,4.0418195724487305,0.19446291157152182
primary,Core_D4,2,CD163,virtues,3.5598130226135254,4.05649995803833,0.15148720832623078
primary,Core_D4,2,Ki67,virtues,3.747209310531616,3.517263412475586,0.695415498851277
primary,Core_D4,2,aSMA,virtues,5.76567268371582,5.149017810821533,0.4674193466507888
primary,Core_D5,1,CD45,virtues,2.2335634231567383,2.474372386932373,0.7414318063374682
primary,Core_D5,1,CD31,virtues,3.1828067302703857,2.7108144760131836,0.8815789997558646
primary,Core_D5,1,CD68,virtues,2.694779396057129,2.656686782836914,0.780977564277188
primary,Core_D5,1,CD163,virtues,2.8830955028533936,2.342172145843506,0.8654130668712617
primary,Core_D5,1,Ki67,virtues,3.1987252235412598,2.2812962532043457,0.8180176971631525
primary,Core_D5,1,aSMA,virtues,4.081046104431152,4.872741222381592,0.5996055116278676
primary,Core_D5,2,CD45,virtues,2.547123908996582,2.510970115661621,0.718856386531548
primary,Core_D5,2,CD31,virtues,3.3035833835601807,2.6331870555877686,0.8471081385306506
primary,Core_D5,2,CD68,virtues,2.6233065128326416,2.5721089839935303,0.6875203539049279
primary,Core_D5,2,CD163,virtues,2.8994288444519043,2.4798054695129395,0.8692265272478119
primary,Core_D5,2,Ki67,virtues,2.906582832336426,2.2169389724731445,0.8372147367872268
primary,Core_D5,2,aSMA,virtues,5.289022445678711,4.817150115966797,0.4449983433542
primary,Core_D6,1,CD45,virtues,4.046544075012207,3.589965343475342,0.6041055290154685
primary,Core_D6,1,CD31,virtues,4.748234272003174,3.6156868934631348,0.6539096833129406
primary,Core_D6,1,CD68,virtues,3.5377790927886963,3.1827332973480225,0.7524566178892662
primary,Core_D6,1,CD163,virtues,3.2017014026641846,3.1039552688598633,0.6058036620789408
primary,Core_D6,1,Ki67,virtues,3.229785203933716,2.859311103820801,0.921075282231891
primary,Core_D6,1,aSMA,virtues,5.5070905685424805,5.48681116104126,0.6778847571921819
primary,Core_D6,2,CD45,virtues,3.376668930053711,3.3202030658721924,0.48272440720343185
primary,Core_D6,2,CD31,virtues,3.56400465965271,3.0735416412353516,0.8923577380979432
primary,Core_D6,2,CD68,virtues,3.167499303817749,3.0575554370880127,0.8724587865246148
primary,Core_D6,2,CD163,virtues,3.406986713409424,3.126997947692871,0.8424499778565835
primary,Core_D6,2,Ki67,virtues,2.722273826599121,2.267251968383789,0.8563753994775285
primary,Core_D6,2,aSMA,virtues,5.215817928314209,5.5645341873168945,0.8291487926403158
primary,Core_D7,1,CD45,virtues,3.6648619174957275,4.852828025817871,0.39393880202618664
primary,Core_D7,1,CD31,virtues,4.261725425720215,3.235307216644287,0.24310297502353728
primary,Core_D7,1,CD68,virtues,5.1811842918396,4.123151779174805,0.34569327357752216
primary,Core_D7,1,CD163,virtues,3.920865058898926,3.737649917602539,0.296215984155424
primary,Core_D7,1,Ki67,virtues,3.7674412727355957,3.611978769302368,0.8021256524844054
primary,Core_D7,1,aSMA,virtues,6.558173656463623,5.007021903991699,0.6423622625615594
primary,Core_D7,2,CD45,virtues,3.7850849628448486,4.931925296783447,0.28132673771372807
primary,Core_D7,2,CD31,virtues,4.173683166503906,3.558281421661377,0.4458926181815411
primary,Core_D7,2,CD68,virtues,4.680817127227783,4.168877601623535,0.49413629280405597
primary,Core_D7,2,CD163,virtues,3.7392969131469727,3.520540237426758,0.4397178610244353
primary,Core_D7,2,Ki67,virtues,3.712904691696167,3.53381609916687,0.8072724331681084
primary,Core_D7,2,aSMA,virtues,6.394664764404297,5.527099609375,0.2573951299791694
primary,Core_D8,1,CD45,virtues,4.347756385803223,4.889547348022461,0.4179630058026507
primary,Core_D8,1,CD31,virtues,3.844818592071533,4.107133388519287,0.4686513971869246
primary,Core_D8,1,CD68,virtues,4.22976016998291,3.933159828186035,0.6437494046162051
primary,Core_D8,1,CD163,virtues,3.751342535018921,3.5228962898254395,0.666363147933482
primary,Core_D8,1,Ki67,virtues,4.008679389953613,3.902479410171509,0.6435749989944516
primary,Core_D8,1,aSMA,virtues,7.091093063354492,6.247170448303223,0.19756465297178888
primary,Core_D8,2,CD45,virtues,4.31387186050415,4.925384521484375,0.33925774571088557
primary,Core_D8,2,CD31,virtues,4.02930212020874,4.273972034454346,0.29987595997114674
primary,Core_D8,2,CD68,virtues,4.434681415557861,4.089934349060059,0.6381157354485849
primary,Core_D8,2,CD163,virtues,3.8036935329437256,3.67287540435791,0.4637665219659516
primary,Core_D8,2,Ki67,virtues,4.208526134490967,3.4431374073028564,0.5177027013453948
primary,Core_D8,2,aSMA,virtues,7.148713111877441,6.4558305740356445,0.4710174366054203
primary,Core_D9,1,CD45,virtues,3.030900716781616,3.9641003608703613,0.1768111713399893
primary,Core_D9,1,CD31,virtues,3.8727407455444336,3.0447819232940674,0.4983905036910763
primary,Core_D9,1,CD68,virtues,4.046977996826172,3.3709731101989746,0.8155787913086732
primary,Core_D9,1,CD163,virtues,2.7693724632263184,2.645045757293701,0.6390744445977641
primary,Core_D9,1,Ki67,virtues,3.1905856132507324,2.9531948566436768,0.7158217946937057
primary,Core_D9,1,aSMA,virtues,5.679968357086182,4.920289516448975,0.5725267970998411
primary,Core_D9,2,CD45,virtues,3.737682342529297,4.003095626831055,0.24355215928362411
primary,Core_D9,2,CD31,virtues,4.25252103805542,3.496849536895752,0.6095096944877346
primary,Core_D9,2,CD68,virtues,4.0961079597473145,3.6467742919921875,0.7446839185237049
primary,Core_D9,2,CD163,virtues,3.2414450645446777,3.4421122074127197,0.5569504985226814
primary,Core_D9,2,Ki67,virtues,3.4551033973693848,3.453118324279785,0.6974550512789186
primary,Core_D9,2,aSMA,virtues,6.309347629547119,5.602293491363525,0.17368320792793188
primary,Core_E3,1,CD45,virtues,3.1583478450775146,4.480771541595459,0.42294026917090854
primary,Core_E3,1,CD31,virtues,4.674611568450928,3.2846460342407227,0.13214258002256757
primary,Core_E3,1,CD68,virtues,4.849233627319336,4.052493095397949,0.6601030585673708
primary,Core_E3,1,CD163,virtues,3.6850452423095703,4.090968608856201,0.6600275972186141
primary,Core_E3,1,Ki67,virtues,3.539999008178711,2.7837612628936768,0.7735255728654192
primary,Core_E3,1,aSMA,virtues,6.016086101531982,5.042893886566162,0.4217016508597765
primary,Core_E3,2,CD45,virtues,3.0240378379821777,4.305237293243408,0.3558520554943906
primary,Core_E3,2,CD31,virtues,4.59522819519043,2.9970006942749023,0.3389705421328594
primary,Core_E3,2,CD68,virtues,4.475973129272461,4.0187578201293945,0.7225425699875729
primary,Core_E3,2,CD163,virtues,3.5513057708740234,3.6253607273101807,0.6984853331783202
primary,Core_E3,2,Ki67,virtues,3.366090774536133,2.6540393829345703,0.7724912702474303
primary,Core_E3,2,aSMA,virtues,5.933621883392334,4.96213960647583,0.5097441699646794
primary,Core_E5,1,CD45,virtues,3.313385486602783,4.922834396362305,0.4991127228010551
primary,Core_E5,1,CD31,virtues,3.183748960494995,3.1421096324920654,0.8875059625370751
primary,Core_E5,1,CD68,virtues,4.759070873260498,4.3558831214904785,0.6664689779482723
primary,Core_E5,1,CD163,virtues,2.6910758018493652,2.2979564666748047,0.8723421847079221
primary,Core_E5,1,Ki67,virtues,3.1427764892578125,2.8841748237609863,0.9099259467140964
primary,Core_E5,1,aSMA,virtues,5.44452428817749,5.249109745025635,0.6534794627764283
primary,Core_E5,2,CD45,virtues,3.6133060455322266,4.302123069763184,0.5439393293925301
primary,Core_E5,2,CD31,virtues,4.2455034255981445,3.443622350692749,0.4013598575059079
primary,Core_E5,2,CD68,virtues,4.223318099975586,3.847188949584961,0.7757116455461943
primary,Core_E5,2,CD163,virtues,3.2306885719299316,2.8601465225219727,0.7664947316459843
primary,Core_E5,2,Ki67,virtues,3.536536931991577,3.040531635284424,0.9118325625688378
primary,Core_E5,2,aSMA,virtues,6.036858081817627,5.582999229431152,0.46574474502074165
primary,Core_A2,1,CD45,ridge_lopo,3.420992612838745,3.6953882012071095,0.7134074743832692
primary,Core_A2,2,CD45,ridge_lopo,3.1421210765838623,3.1043460536748517,0.7703397178266213
primary,Core_A2,1,CD31,ridge_lopo,3.6340723037719727,4.153487357342469,0.4186952025154527
primary,Core_A2,2,CD31,ridge_lopo,3.7948858737945557,3.3835405734019517,0.6450255192445404
primary,Core_A2,1,CD68,ridge_lopo,3.4126389026641846,3.5884070128426484,0.7847726069726104
primary,Core_A2,2,CD68,ridge_lopo,2.987874984741211,3.302386697397867,0.8227719417674527
primary,Core_A2,1,CD163,ridge_lopo,3.168660879135132,3.0684990432276606,0.7596008564533165
primary,Core_A2,2,CD163,ridge_lopo,2.1532464027404785,2.784536616283889,0.8533718075100551
primary,Core_A2,1,Ki67,ridge_lopo,3.0637125968933105,2.983185361968525,0.7927424709283684
primary,Core_A2,2,Ki67,ridge_lopo,2.6603095531463623,2.5016140764703128,0.8726809424360764
primary,Core_A2,1,aSMA,ridge_lopo,7.3932390213012695,6.397706716073278,0.6209675527712688
primary,Core_A2,2,aSMA,ridge_lopo,5.302783966064453,6.0274435527607775,0.6750698345057097
primary,Core_A3,1,CD45,ridge_lopo,2.9562809467315674,3.339123042118504,0.7132439714230451
primary,Core_A3,2,CD45,ridge_lopo,3.6898462772369385,3.3874654917535665,0.738758163111413
primary,Core_A3,1,CD31,ridge_lopo,4.279653549194336,4.4501580132193,0.3429159068958735
primary,Core_A3,2,CD31,ridge_lopo,4.411981582641602,4.143983034007523,0.24355655984235983
primary,Core_A3,1,CD68,ridge_lopo,4.518876552581787,3.997734635261301,0.7796950051770466
primary,Core_A3,2,CD68,ridge_lopo,3.863051176071167,3.7119783979554852,0.4166919086068094
primary,Core_A3,1,CD163,ridge_lopo,3.29172682762146,3.6859903733998554,0.7976210117672581
primary,Core_A3,2,CD163,ridge_lopo,3.3152780532836914,3.389563910884455,0.7745557967552824
primary,Core_A3,1,Ki67,ridge_lopo,3.770833730697632,3.209327804778497,0.7986704082397222
primary,Core_A3,2,Ki67,ridge_lopo,3.3295629024505615,3.320110539975401,0.8234007140327061
primary,Core_A3,1,aSMA,ridge_lopo,7.080195903778076,7.074102130636999,0.190103242447456
primary,Core_A3,2,aSMA,ridge_lopo,6.4684672355651855,6.818964529001834,0.37992971891183264
primary,Core_A4,1,CD45,ridge_lopo,2.8824849128723145,3.262485045331306,0.7111137422345054
primary,Core_A4,2,CD45,ridge_lopo,2.9320671558380127,3.227586828769166,0.7797573442368064
primary,Core_A4,1,CD31,ridge_lopo,4.984817981719971,4.155648881755095,0.3257538043653778
primary,Core_A4,2,CD31,ridge_lopo,4.5753936767578125,3.716127198517197,0.22710766539841212
primary,Core_A4,1,CD68,ridge_lopo,4.2920331954956055,4.1551919705331,0.685726289494009
primary,Core_A4,2,CD68,ridge_lopo,3.7772765159606934,3.663396459614452,0.5841615764446114
primary,Core_A4,1,CD163,ridge_lopo,3.4146296977996826,3.399578629263135,0.8124701526757302
primary,Core_A4,2,CD163,ridge_lopo,2.8139805793762207,3.0594429866930657,0.7412583452975107
primary,Core_A4,1,Ki67,ridge_lopo,3.393174409866333,3.3018792958478786,0.8207501618402353
primary,Core_A4,2,Ki67,ridge_lopo,3.018932580947876,2.9266281238931047,0.7705052207371705
primary,Core_A4,1,aSMA,ridge_lopo,5.7440690994262695,5.833287476467134,0.7302996836438482
primary,Core_A4,2,aSMA,ridge_lopo,5.490931510925293,5.57569317261363,0.7406279400282862
primary,Core_A5,1,CD45,ridge_lopo,3.309976100921631,3.715059735752668,0.2690873313912173
primary,Core_A5,2,CD45,ridge_lopo,3.333110809326172,3.7568817107424652,0.17603258762372592
primary,Core_A5,1,CD31,ridge_lopo,1.7598226070404053,1.1120911846675086,0.8155247728970871
primary,Core_A5,2,CD31,ridge_lopo,2.0607314109802246,1.4195114706854008,0.8393392941738973
primary,Core_A5,1,CD68,ridge_lopo,0.9128004312515259,3.215839304370842,0.1498694990540319
primary,Core_A5,2,CD68,ridge_lopo,1.4783750772476196,3.437723163918699,0.26060113220530906
primary,Core_A5,1,CD163,ridge_lopo,1.878953218460083,1.0021400053326552,0.7314906681877174
primary,Core_A5,2,CD163,ridge_lopo,2.110490560531616,1.3524805458463023,0.7831231981716392
primary,Core_A5,1,Ki67,ridge_lopo,1.5921063423156738,2.8783609334217326,0.8228559516315814
primary,Core_A5,2,Ki67,ridge_lopo,1.9125092029571533,2.985698067476771,0.8287139865748173
primary,Core_A5,1,aSMA,ridge_lopo,6.22454309463501,5.9169672174289865,0.6771098682459736
primary,Core_A5,2,aSMA,ridge_lopo,5.93845796585083,5.839285945157517,0.7312292779368373
primary,Core_B10,1,CD45,ridge_lopo,4.763583660125732,4.725415285401951,0.7577938351886007
primary,Core_B10,2,CD45,ridge_lopo,4.5718231201171875,4.654780762287719,0.6556394529040303
primary,Core_B10,1,CD31,ridge_lopo,5.051522254943848,4.584509466185301,0.5104146128528178
primary,Core_B10,2,CD31,ridge_lopo,4.969184875488281,4.516639112809772,0.4222685775410285
primary,Core_B10,1,CD68,ridge_lopo,4.261569976806641,4.575896969197613,0.735526695228612
primary,Core_B10,2,CD68,ridge_lopo,4.536694049835205,4.530136497086227,0.7063115979361088
primary,Core_B10,1,CD163,ridge_lopo,4.266544342041016,4.092350898417894,0.8965179238511464
primary,Core_B10,2,CD163,ridge_lopo,4.02143669128418,4.1272298084274235,0.824031992495091
primary,Core_B10,1,Ki67,ridge_lopo,4.4305338859558105,4.436622899189081,0.8669654920612174
primary,Core_B10,2,Ki67,ridge_lopo,4.3980512619018555,4.378046910597158,0.6376627352780284
primary,Core_B10,1,aSMA,ridge_lopo,6.601227283477783,6.9421520425685825,0.38587550953995103
primary,Core_B10,2,aSMA,ridge_lopo,6.626224517822266,7.149190375516618,0.31747256345326497
primary,Core_B2,1,CD45,ridge_lopo,4.666323661804199,4.471591525177712,0.8216475653270718
primary,Core_B2,2,CD45,ridge_lopo,4.40254020690918,4.254238809178691,0.7105777389598759
primary,Core_B2,1,CD31,ridge_lopo,4.520953178405762,4.114410884824148,0.08010366110234338
primary,Core_B2,2,CD31,ridge_lopo,4.930102825164795,3.8758433342109617,-0.18486535482136998
primary,Core_B2,1,CD68,ridge_lopo,3.758469343185425,4.260607006201384,0.5159289157756123
primary,Core_B2,2,CD68,ridge_lopo,3.281179428100586,4.040847550837654,0.48207705145139984
primary,Core_B2,1,CD163,ridge_lopo,3.9439704418182373,3.6821447458414935,0.8133539820574756
primary,Core_B2,2,CD163,ridge_lopo,3.5766282081604004,3.6158507713878167,0.6595641159792301
primary,Core_B2,1,Ki67,ridge_lopo,4.118000030517578,4.226981241497991,0.7672023746494138
primary,Core_B2,2,Ki67,ridge_lopo,4.201292514801025,3.9704841558090935,0.6657093876180198
primary,Core_B2,1,aSMA,ridge_lopo,5.751828670501709,6.224837607926036,0.5270392105157454
primary,Core_B2,2,aSMA,ridge_lopo,5.391412258148193,6.411707742246813,0.4421916745794227
primary,Core_B5,1,CD45,ridge_lopo,3.449660062789917,3.451911567332734,0.7289423616458215
primary,Core_B5,2,CD45,ridge_lopo,3.5891807079315186,3.695488750831385,0.7498578182390782
primary,Core_B5,1,CD31,ridge_lopo,3.6538655757904053,3.857293767876504,0.8013605276408355
primary,Core_B5,2,CD31,ridge_lopo,3.7047853469848633,3.955280915082503,0.711561426708931
primary,Core_B5,1,CD68,ridge_lopo,3.5910098552703857,3.487015885547932,0.8938767482219445
primary,Core_B5,2,CD68,ridge_lopo,3.5527758598327637,3.49892260716453,0.8924834348161288
primary,Core_B5,1,CD163,ridge_lopo,3.099452018737793,3.055170292406075,0.8494754927275502
primary,Core_B5,2,CD163,ridge_lopo,3.0729942321777344,3.140830627242331,0.8694058464134362
primary,Core_B5,1,Ki67,ridge_lopo,3.105642080307007,3.1969992830447254,0.8512696763265695
primary,Core_B5,2,Ki67,ridge_lopo,3.242832660675049,3.2253533331274626,0.8332638548765848
primary,Core_B5,1,aSMA,ridge_lopo,6.833827495574951,6.567583402416107,0.5520768112317965
primary,Core_B5,2,aSMA,ridge_lopo,7.598240375518799,6.687269859391035,0.3929133625875127
primary,Core_B6,1,CD45,ridge_lopo,3.1841325759887695,3.3334422225443614,0.778938645291433
primary,Core_B6,2,CD45,ridge_lopo,3.0140628814697266,3.3726939932468647,0.7786654722857079
primary,Core_B6,1,CD31,ridge_lopo,3.456618309020996,3.894897540792234,0.6865152296440544
primary,Core_B6,2,CD31,ridge_lopo,3.7598061561584473,3.9858082391425533,0.48757376345768555
primary,Core_B6,1,CD68,ridge_lopo,3.0274996757507324,3.5433954145294466,0.8032790829279628
primary,Core_B6,2,CD68,ridge_lopo,3.5137343406677246,3.588180320422609,0.7907188984513838
primary,Core_B6,1,CD163,ridge_lopo,3.096436023712158,2.742759567577857,0.6918645393020737
primary,Core_B6,2,CD163,ridge_lopo,3.169424533843994,2.923318359052477,0.6775021416691119
primary,Core_B6,1,Ki67,ridge_lopo,2.7349624633789062,2.8814437460730935,0.7529158246920543
primary,Core_B6,2,Ki67,ridge_lopo,2.934906482696533,2.951148518020613,0.751721425095795
primary,Core_B6,1,aSMA,ridge_lopo,7.153643608093262,6.41837526640534,0.5298615754494261
primary,Core_B6,2,aSMA,ridge_lopo,7.141818046569824,6.400513653672014,0.5058281057951841
primary,Core_B8,1,CD45,ridge_lopo,3.4911842346191406,3.2102566771833807,0.7931266973506947
primary,Core_B8,2,CD45,ridge_lopo,2.7712044715881348,2.634162733516421,0.7360292749935654
primary,Core_B8,1,CD31,ridge_lopo,2.782742500305176,3.4577653159763395,0.8689985006883277
primary,Core_B8,2,CD31,ridge_lopo,3.8395633697509766,3.6823232485110227,0.47322738069790327
primary,Core_B8,1,CD68,ridge_lopo,4.451760292053223,3.6618821749687847,0.7912095499074314
primary,Core_B8,2,CD68,ridge_lopo,3.1498751640319824,3.2721536171081254,0.752062116018724
primary,Core_B8,1,CD163,ridge_lopo,2.363511562347412,2.8739368656096262,0.8553031052080545
primary,Core_B8,2,CD163,ridge_lopo,2.498276710510254,2.6733220014064525,0.786495732000307
primary,Core_B8,1,Ki67,ridge_lopo,2.2474775314331055,3.117035066874145,0.859932172534614
primary,Core_B8,2,Ki67,ridge_lopo,2.5299158096313477,2.56712373560466,0.7886969557095377
primary,Core_B8,1,aSMA,ridge_lopo,5.5294318199157715,5.125396221548785,0.5860736512008822
primary,Core_B8,2,aSMA,ridge_lopo,6.255709648132324,5.7791760815945015,0.6191687839811997
primary,Core_C10,1,CD45,ridge_lopo,4.579911231994629,4.552413345819904,0.8605628726125425
primary,Core_C10,2,CD45,ridge_lopo,4.524541854858398,4.548659172284253,0.8446112305729213
primary,Core_C10,1,CD31,ridge_lopo,4.311978816986084,4.440779231550849,0.4152952507598689
primary,Core_C10,2,CD31,ridge_lopo,4.465695381164551,4.464904760171337,0.5070036457313092
primary,Core_C10,1,CD68,ridge_lopo,3.959831714630127,4.20096526462237,0.7087034188076078
primary,Core_C10,2,CD68,ridge_lopo,4.035623550415039,4.236770715135044,0.7849274274957853
primary,Core_C10,1,CD163,ridge_lopo,3.9969656467437744,3.643643578485733,0.8494723059908611
primary,Core_C10,2,CD163,ridge_lopo,4.094851970672607,3.6328387824623984,0.7865763425445023
primary,Core_C10,1,Ki67,ridge_lopo,3.9258358478546143,4.200409645211732,0.8706759470218904
primary,Core_C10,2,Ki67,ridge_lopo,3.863467216491699,4.200597986812305,0.818592787277309
primary,Core_C10,1,aSMA,ridge_lopo,6.463134765625,6.5706431320299625,0.6031302999205699
primary,Core_C10,2,aSMA,ridge_lopo,6.645313262939453,6.4499872057257654,0.6605674140612113
primary,Core_C2,1,CD45,ridge_lopo,4.070488929748535,4.250948440198133,0.8302772676189115
primary,Core_C2,2,CD45,ridge_lopo,4.455749034881592,4.223081963909378,0.5302451880496363
primary,Core_C2,1,CD31,ridge_lopo,4.013216018676758,4.34888829245761,0.6421938883254817
primary,Core_C2,2,CD31,ridge_lopo,6.0317840576171875,4.6155359698920275,0.23073435506642095
primary,Core_C2,1,CD68,ridge_lopo,4.046537399291992,4.100778243957185,0.6602933024584448
primary,Core_C2,2,CD68,ridge_lopo,4.109000205993652,4.549607617976719,0.5804673201614213
primary,Core_C2,1,CD163,ridge_lopo,3.698202133178711,3.524422995982279,0.8489805709618355
primary,Core_C2,2,CD163,ridge_lopo,4.043299198150635,3.8516370316457698,0.7606468648007317
primary,Core_C2,1,Ki67,ridge_lopo,3.647806167602539,3.7942550720311177,0.8317818191129047
primary,Core_C2,2,Ki67,ridge_lopo,3.866426467895508,4.287964936534741,0.7190458179807466
primary,Core_C2,1,aSMA,ridge_lopo,6.30490255355835,6.514404902662394,0.5046329122816637
primary,Core_C2,2,aSMA,ridge_lopo,6.943944931030273,6.444549826743339,0.37077851511786153
primary,Core_C3,1,CD45,ridge_lopo,3.084035634994507,3.3350683204935723,0.8130013119617636
primary,Core_C3,2,CD45,ridge_lopo,3.6661531925201416,3.7216549561464953,0.7873025768574592
primary,Core_C3,1,CD31,ridge_lopo,3.5570385456085205,3.7024806310134255,0.6684423956596832
primary,Core_C3,2,CD31,ridge_lopo,3.79903507232666,3.9503071128787535,0.7656617478878393
primary,Core_C3,1,CD68,ridge_lopo,2.8305013179779053,3.514858767467648,0.7752586134178568
primary,Core_C3,2,CD68,ridge_lopo,3.4269661903381348,3.792081868139187,0.8800223942603181
primary,Core_C3,1,CD163,ridge_lopo,3.3045268058776855,2.5976953432590695,0.7388953345499376
primary,Core_C3,2,CD163,ridge_lopo,3.700742721557617,2.882813748494303,0.7947164463936099
primary,Core_C3,1,Ki67,ridge_lopo,2.7950315475463867,3.0602667401418637,0.6973785952270696
primary,Core_C3,2,Ki67,ridge_lopo,2.893742084503174,3.495325443842825,0.7544941749916418
primary,Core_C3,1,aSMA,ridge_lopo,6.417991638183594,5.607178387105321,0.600734130465773
primary,Core_C3,2,aSMA,ridge_lopo,6.566967964172363,5.7898394574001815,0.6288101389630834
primary,Core_C4,1,CD45,ridge_lopo,4.107027530670166,4.087120108510706,0.7188666013057328
primary,Core_C4,2,CD45,ridge_lopo,3.760894298553467,3.517816549916809,0.7357105328772284
primary,Core_C4,1,CD31,ridge_lopo,4.396801948547363,4.619261357847265,0.36096777220852405
primary,Core_C4,2,CD31,ridge_lopo,4.605064392089844,4.317366650230122,0.4256048208359473
primary,Core_C4,1,CD68,ridge_lopo,4.539397239685059,4.264340519341529,0.6575672775703265
primary,Core_C4,2,CD68,ridge_lopo,4.033969402313232,4.024924522073132,0.6408268716187266
primary,Core_C4,1,CD163,ridge_lopo,3.753943681716919,3.88875562151767,0.7095789914407743
primary,Core_C4,2,CD163,ridge_lopo,3.3600809574127197,3.533415896778057,0.7899040568613503
primary,Core_C4,1,Ki67,ridge_lopo,4.034334182739258,3.8949955499125477,0.6036139548302407
primary,Core_C4,2,Ki67,ridge_lopo,3.505493402481079,3.462265727114078,0.7260321822285786
primary,Core_C4,1,aSMA,ridge_lopo,6.802488327026367,6.896524754746343,0.4335779575624349
primary,Core_C4,2,aSMA,ridge_lopo,6.396606922149658,6.6119733845913595,0.5894217583386071
primary,Core_C5,1,CD45,ridge_lopo,4.439159393310547,4.607360995277718,0.7399079661250059
primary,Core_C5,2,CD45,ridge_lopo,4.383091449737549,4.78130538757171,0.6675026307173378
primary,Core_C5,1,CD31,ridge_lopo,4.676007270812988,4.259621197336237,0.47193332519366543
primary,Core_C5,2,CD31,ridge_lopo,4.511017799377441,4.391939865450274,0.2896544542607606
primary,Core_C5,1,CD68,ridge_lopo,3.8398277759552,4.3720012626674984,0.7607435403967101
primary,Core_C5,2,CD68,ridge_lopo,4.651062965393066,4.384481458282222,0.7935475259816256
primary,Core_C5,1,CD163,ridge_lopo,3.996044635772705,3.800610009472422,0.8734726612983916
primary,Core_C5,2,CD163,ridge_lopo,3.8787314891815186,3.9884581394512915,0.8246662326159387
primary,Core_C5,1,Ki67,ridge_lopo,4.158988952636719,4.202512175765667,0.8609113577099547
primary,Core_C5,2,Ki67,ridge_lopo,4.1677470207214355,4.092942039550942,0.7125178707610869
primary,Core_C5,1,aSMA,ridge_lopo,6.504080295562744,6.980539091007967,0.2599049131551451
primary,Core_C5,2,aSMA,ridge_lopo,6.512040138244629,6.999859878804823,0.11248943502459086
primary,Core_C6,1,CD45,ridge_lopo,3.557994842529297,3.4808001245253974,0.8422410837464978
primary,Core_C6,2,CD45,ridge_lopo,3.843541383743286,3.818189907352237,0.8118138943666006
primary,Core_C6,1,CD31,ridge_lopo,4.397523880004883,4.397908562967513,0.36919351178205073
primary,Core_C6,2,CD31,ridge_lopo,4.158106803894043,4.543673432964864,0.478572635833718
primary,Core_C6,1,CD68,ridge_lopo,4.390563488006592,4.003510526110299,0.6384235089547793
primary,Core_C6,2,CD68,ridge_lopo,4.922021865844727,4.68349807828427,0.6379404685008462
primary,Core_C6,1,CD163,ridge_lopo,3.6305809020996094,3.422971117245803,0.6165411778121039
primary,Core_C6,2,CD163,ridge_lopo,3.926710844039917,3.806289330761486,0.885961107681452
primary,Core_C6,1,Ki67,ridge_lopo,3.2386934757232666,3.5033821836452486,0.7241225802006428
primary,Core_C6,2,Ki67,ridge_lopo,3.935966730117798,4.006124588507389,0.8691828508521031
primary,Core_C6,1,aSMA,ridge_lopo,7.406975746154785,6.658880812599139,0.492492179093362
primary,Core_C6,2,aSMA,ridge_lopo,6.2135210037231445,6.060187615082483,0.7389030916695416
primary,Core_C7,1,CD45,ridge_lopo,4.258547782897949,4.337337550345636,0.7415369913927446
primary,Core_C7,2,CD45,ridge_lopo,4.274153709411621,4.296115391060189,0.7850374429297186
primary,Core_C7,1,CD31,ridge_lopo,4.295341968536377,3.5471099592831106,0.34305329480188107
primary,Core_C7,2,CD31,ridge_lopo,4.151054382324219,3.4753503877359275,0.4445773182230562
primary,Core_C7,1,CD68,ridge_lopo,3.8680224418640137,3.6663489150402007,0.45043793616680244
primary,Core_C7,2,CD68,ridge_lopo,3.7576346397399902,3.5999665726155423,0.6950004652879874
primary,Core_C7,1,CD163,ridge_lopo,3.513169765472412,3.3444868422216554,0.8086891313357955
primary,Core_C7,2,CD163,ridge_lopo,3.4992947578430176,3.2878814739159923,0.7877450115909213
primary,Core_C7,1,Ki67,ridge_lopo,3.557777166366577,3.909012580035605,0.7795616046189833
primary,Core_C7,2,Ki67,ridge_lopo,3.5836474895477295,3.9578286318860325,0.7497125393740595
primary,Core_C7,1,aSMA,ridge_lopo,5.896069049835205,6.456873348022922,0.5255722905527083
primary,Core_C7,2,aSMA,ridge_lopo,5.813609600067139,6.372639555776189,0.4894210125636763
primary,Core_C9,1,CD45,ridge_lopo,3.679837465286255,3.8807424006663687,0.8283682786844414
primary,Core_C9,2,CD45,ridge_lopo,3.3249120712280273,3.5991821317074746,0.7917721302162071
primary,Core_C9,1,CD31,ridge_lopo,3.6625771522521973,3.9330385512830004,0.6247441555084953
primary,Core_C9,2,CD31,ridge_lopo,3.700307846069336,3.8304691953599486,0.6555879228527101
primary,Core_C9,1,CD68,ridge_lopo,3.835458517074585,3.810378438745166,0.8533723289058469
primary,Core_C9,2,CD68,ridge_lopo,3.6682803630828857,3.634379643011152,0.7964404816536046
primary,Core_C9,1,CD163,ridge_lopo,3.151712417602539,3.2033244943446295,0.8836668089789349
primary,Core_C9,2,CD163,ridge_lopo,2.917349100112915,2.9995334900383854,0.8293117151973092
primary,Core_C9,1,Ki67,ridge_lopo,3.2656362056732178,3.354709654329154,0.8857351378235105
primary,Core_C9,2,Ki67,ridge_lopo,2.9601824283599854,3.057066869466817,0.8670738090049751
primary,Core_C9,1,aSMA,ridge_lopo,6.639179706573486,6.0894860311180965,0.21145794903679715
primary,Core_C9,2,aSMA,ridge_lopo,6.956896781921387,5.981484174565945,0.3121674961862876
primary,Core_D10,1,CD45,ridge_lopo,4.775944709777832,4.430865250097863,0.8597370246050865
primary,Core_D10,2,CD45,ridge_lopo,4.734333038330078,4.449830545104368,0.7951249239963714
primary,Core_D10,1,CD31,ridge_lopo,4.314288139343262,5.141842263954295,0.8587215462906356
primary,Core_D10,2,CD31,ridge_lopo,4.372623443603516,5.142212511441377,0.7508633660110157
primary,Core_D10,1,CD68,ridge_lopo,5.473189353942871,5.006913364902399,0.7246237483585547
primary,Core_D10,2,CD68,ridge_lopo,5.331136703491211,5.0973080071580945,0.6118371290849739
primary,Core_D10,1,CD163,ridge_lopo,4.2477521896362305,4.5294413194513385,0.8991158245665628
primary,Core_D10,2,CD163,ridge_lopo,4.21944522857666,4.522978948674336,0.8600857084438324
primary,Core_D10,1,Ki67,ridge_lopo,4.862435340881348,4.489030310817639,0.7647295349564623
primary,Core_D10,2,Ki67,ridge_lopo,4.896563529968262,4.509113604041375,0.6678782762755122
primary,Core_D10,1,aSMA,ridge_lopo,6.230297565460205,5.9026533803036205,0.6616802017488892
primary,Core_D10,2,aSMA,ridge_lopo,6.152875900268555,5.8695868845480454,0.6024895040702443
appended_D2,Core_D2,1,CD45,ridge_lopo,4.011617660522461,3.7955528273158734,0.8064274693508808
appended_D2,Core_D2,2,CD45,ridge_lopo,3.2805511951446533,3.30134914483082,0.8106049468992708
appended_D2,Core_D2,1,CD31,ridge_lopo,3.394237995147705,3.5032165466938596,0.750174765698775
appended_D2,Core_D2,2,CD31,ridge_lopo,3.446911096572876,3.847187256823043,0.5219073507503711
appended_D2,Core_D2,1,CD68,ridge_lopo,3.683781147003174,3.348465238827824,0.3359075348096738
appended_D2,Core_D2,2,CD68,ridge_lopo,3.924056053161621,3.49813362984578,0.6531787852230078
appended_D2,Core_D2,1,CD163,ridge_lopo,3.02284574508667,3.1752391232998853,0.8438620264622594
appended_D2,Core_D2,2,CD163,ridge_lopo,3.206183433532715,3.0908093639579923,0.7842679683611212
appended_D2,Core_D2,1,Ki67,ridge_lopo,3.7429919242858887,3.466188139662637,0.8103597431750013
appended_D2,Core_D2,2,Ki67,ridge_lopo,3.4216537475585938,3.1585188639613686,0.7722418528786177
appended_D2,Core_D2,1,aSMA,ridge_lopo,5.48087739944458,5.334883027366686,0.72971319060135
appended_D2,Core_D2,2,aSMA,ridge_lopo,5.706894397735596,5.310542710360378,0.5658387147416014
primary,Core_D3,1,CD45,ridge_lopo,4.399145126342773,3.6244869522493266,0.7719581842150925
primary,Core_D3,2,CD45,ridge_lopo,4.220822334289551,4.209815955429478,0.7758239541986353
primary,Core_D3,1,CD31,ridge_lopo,6.024866104125977,4.64487035892052,0.2356883221679085
primary,Core_D3,2,CD31,ridge_lopo,3.9087367057800293,3.7966316783268246,0.47713004055394354
primary,Core_D3,1,CD68,ridge_lopo,4.159320831298828,4.330036449070298,0.590762870000044
primary,Core_D3,2,CD68,ridge_lopo,3.089193105697632,3.7295129961537956,0.2403280009542753
primary,Core_D3,1,CD163,ridge_lopo,3.9785733222961426,3.9000140060416326,0.8269022121723453
primary,Core_D3,2,CD163,ridge_lopo,3.4013123512268066,3.289317242332303,0.7331352407619862
primary,Core_D3,1,Ki67,ridge_lopo,3.997370481491089,4.118996497045941,0.8283359339749159
primary,Core_D3,2,Ki67,ridge_lopo,4.063387870788574,3.6391848936107998,0.6910462195464292
primary,Core_D3,1,aSMA,ridge_lopo,6.880407333374023,6.545770663876471,0.3772652865981228
primary,Core_D3,2,aSMA,ridge_lopo,5.667398929595947,5.149268144343774,0.7050207111466201
primary,Core_D4,1,CD45,ridge_lopo,4.230525016784668,4.231541753582858,0.6270885618700622
primary,Core_D4,2,CD45,ridge_lopo,4.1199541091918945,4.2923658459482175,0.6315758045665149
primary,Core_D4,1,CD31,ridge_lopo,4.4390645027160645,4.509617644547685,0.19337056753320844
primary,Core_D4,2,CD31,ridge_lopo,4.059828281402588,4.382256322778873,0.2371381742016106
primary,Core_D4,1,CD68,ridge_lopo,4.091707229614258,4.3872495821919415,-0.0481294096091905
primary,Core_D4,2,CD68,ridge_lopo,4.405255317687988,4.273860727127462,0.12759827851424912
primary,Core_D4,1,CD163,ridge_lopo,3.573760747909546,3.7945525733894794,0.7446926675036666
primary,Core_D4,2,CD163,ridge_lopo,3.5598130226135254,3.69991440883945,0.8084300716998426
primary,Core_D4,1,Ki67,ridge_lopo,3.8389852046966553,3.6161393767973937,0.7063165827231381
primary,Core_D4,2,Ki67,ridge_lopo,3.747209310531616,3.6598756995655184,0.6721802055414507
primary,Core_D4,1,aSMA,ridge_lopo,6.231239318847656,6.847699576029396,0.5722310407560882
primary,Core_D4,2,aSMA,ridge_lopo,5.76567268371582,6.282515835300224,0.49614602471148
primary,Core_D5,1,CD45,ridge_lopo,2.2335634231567383,3.2427525859580584,0.8401185043494515
primary,Core_D5,2,CD45,ridge_lopo,2.547123908996582,3.033092577062055,0.8573878614495143
primary,Core_D5,1,CD31,ridge_lopo,3.1828067302703857,3.3752029287769645,0.8544991758374634
primary,Core_D5,2,CD31,ridge_lopo,3.3035833835601807,3.549862494985662,0.7539546471805202
primary,Core_D5,1,CD68,ridge_lopo,2.694779396057129,3.5837061865351014,0.6784757108320635
primary,Core_D5,2,CD68,ridge_lopo,2.6233065128326416,3.3068408638464004,0.6051484364921782
primary,Core_D5,1,CD163,ridge_lopo,2.8830955028533936,2.489326013514719,0.9041666349417556
primary,Core_D5,2,CD163,ridge_lopo,2.8994288444519043,2.40781777606852,0.8926440535569218
primary,Core_D5,1,Ki67,ridge_lopo,3.1987252235412598,2.6160145232162906,0.8404905790964935
primary,Core_D5,2,Ki67,ridge_lopo,2.906582832336426,2.590465561598724,0.8509212516091816
primary,Core_D5,1,aSMA,ridge_lopo,4.081046104431152,5.70708917547943,0.6807479129977866
primary,Core_D5,2,aSMA,ridge_lopo,5.289022445678711,5.41336789112615,0.6300670431693873
primary,Core_D6,1,CD45,ridge_lopo,4.046544075012207,3.562741440489166,0.8990497268198381
primary,Core_D6,2,CD45,ridge_lopo,3.376668930053711,3.100007678142799,0.8173280106947737
primary,Core_D6,1,CD31,ridge_lopo,4.748234272003174,3.7092955143948516,0.5025447180762166
primary,Core_D6,2,CD31,ridge_lopo,3.56400465965271,3.442456517278367,0.7075479180133699
primary,Core_D6,1,CD68,ridge_lopo,3.5377790927886963,3.6874874103209887,0.7311380712723161
primary,Core_D6,2,CD68,ridge_lopo,3.167499303817749,3.393045467525127,0.8772947322310418
primary,Core_D6,1,CD163,ridge_lopo,3.2017014026641846,3.157674255973973,0.8716058280597487
primary,Core_D6,2,CD163,ridge_lopo,3.406986713409424,2.6059885746506337,0.7361100830921516
primary,Core_D6,1,Ki67,ridge_lopo,3.229785203933716,3.5281633713286205,0.8878976773763753
primary,Core_D6,2,Ki67,ridge_lopo,2.722273826599121,3.22248553190782,0.7645357255848092
primary,Core_D6,1,aSMA,ridge_lopo,5.5070905685424805,5.710748684869289,0.772966034241209
primary,Core_D6,2,aSMA,ridge_lopo,5.215817928314209,5.3853584243036865,0.8543198580971991
primary,Core_D7,1,CD45,ridge_lopo,3.6648619174957275,4.060000208771463,0.6743531986714508
primary,Core_D7,2,CD45,ridge_lopo,3.7850849628448486,3.861634886002646,0.7028491227534738
primary,Core_D7,1,CD31,ridge_lopo,4.261725425720215,4.23686740268929,0.2485392231386646
primary,Core_D7,2,CD31,ridge_lopo,4.173683166503906,4.229057072920591,0.2525569482972364
primary,Core_D7,1,CD68,ridge_lopo,5.1811842918396,4.091529350646525,0.33569300760417814
primary,Core_D7,2,CD68,ridge_lopo,4.680817127227783,3.9980632917330823,0.4678638459126987
primary,Core_D7,1,CD163,ridge_lopo,3.920865058898926,3.750645379560658,0.5428492683913677
primary,Core_D7,2,CD163,ridge_lopo,3.7392969131469727,3.647250406369575,0.4895316470581499
primary,Core_D7,1,Ki67,ridge_lopo,3.7674412727355957,3.6691877429369026,0.7118359202831621
primary,Core_D7,2,Ki67,ridge_lopo,3.712904691696167,3.629993202484745,0.705712809669434
primary,Core_D7,1,aSMA,ridge_lopo,6.558173656463623,6.520421022194482,0.2913176919174314
primary,Core_D7,2,aSMA,ridge_lopo,6.394664764404297,6.657908353613156,0.3839945358336472
primary,Core_D8,1,CD45,ridge_lopo,4.347756385803223,4.416887490625874,0.532806441969418
primary,Core_D8,2,CD45,ridge_lopo,4.31387186050415,4.41544339141563,0.5869575467503304
primary,Core_D8,1,CD31,ridge_lopo,3.844818592071533,4.574909836925906,0.2144431605955132
primary,Core_D8,2,CD31,ridge_lopo,4.02930212020874,4.836402955882124,0.21408150132610923
primary,Core_D8,1,CD68,ridge_lopo,4.22976016998291,3.811457755911417,0.6403485831168934
primary,Core_D8,2,CD68,ridge_lopo,4.434681415557861,3.9854255577122983,0.589483757201883
primary,Core_D8,1,CD163,ridge_lopo,3.751342535018921,3.682540966910829,0.5718717604104355
primary,Core_D8,2,CD163,ridge_lopo,3.8036935329437256,3.8615178378170243,0.5763587408284057
primary,Core_D8,1,Ki67,ridge_lopo,4.008679389953613,3.8031337034185,0.5040315053897296
primary,Core_D8,2,Ki67,ridge_lopo,4.208526134490967,3.8352722385308704,0.5137016869922071
primary,Core_D8,1,aSMA,ridge_lopo,7.091093063354492,6.27799387856172,0.3036386398658965
primary,Core_D8,2,aSMA,ridge_lopo,7.148713111877441,6.253868150799146,0.3406107993118934
primary,Core_D9,1,CD45,ridge_lopo,3.030900716781616,3.1628331146611743,0.8030582156948904
primary,Core_D9,2,CD45,ridge_lopo,3.737682342529297,3.5668116834034604,0.7571031555730307
primary,Core_D9,1,CD31,ridge_lopo,3.8727407455444336,3.6115819865366823,0.5986741766290316
primary,Core_D9,2,CD31,ridge_lopo,4.25252103805542,4.088382673115916,0.47725672623005805
primary,Core_D9,1,CD68,ridge_lopo,4.046977996826172,3.728759305149693,0.802539961975744
primary,Core_D9,2,CD68,ridge_lopo,4.0961079597473145,3.6980628479290107,0.7650751634947113
primary,Core_D9,1,CD163,ridge_lopo,2.7693724632263184,3.180489202254983,0.7824240764523697
primary,Core_D9,2,CD163,ridge_lopo,3.2414450645446777,3.4272562404799127,0.80140115679963
primary,Core_D9,1,Ki67,ridge_lopo,3.1905856132507324,3.046422123800673,0.7567155415428465
primary,Core_D9,2,Ki67,ridge_lopo,3.4551033973693848,3.5701489382839293,0.7159778532910238
primary,Core_D9,1,aSMA,ridge_lopo,5.679968357086182,6.240202045189605,0.5738836078386516
primary,Core_D9,2,aSMA,ridge_lopo,6.309347629547119,6.501868830193445,0.27558817570589295
primary,Core_E3,1,CD45,ridge_lopo,3.1583478450775146,3.4943455581794947,0.7645351060940337
primary,Core_E3,2,CD45,ridge_lopo,3.0240378379821777,3.289578569794453,0.6563270444334116
primary,Core_E3,1,CD31,ridge_lopo,4.674611568450928,4.27021044632068,0.16346801141025885
primary,Core_E3,2,CD31,ridge_lopo,4.59522819519043,4.10020541364108,0.37004733378469556
primary,Core_E3,1,CD68,ridge_lopo,4.849233627319336,4.247486993866943,0.6792594097783956
primary,Core_E3,2,CD68,ridge_lopo,4.475973129272461,4.170322757139861,0.7879834710854005
primary,Core_E3,1,CD163,ridge_lopo,3.6850452423095703,3.5810310924393542,0.551652032422797
primary,Core_E3,2,CD163,ridge_lopo,3.5513057708740234,3.401135708565464,0.548582534317129
primary,Core_E3,1,Ki67,ridge_lopo,3.539999008178711,3.50283705642507,0.7011162914645536
primary,Core_E3,2,Ki67,ridge_lopo,3.366090774536133,3.3478601436779796,0.7245334598337951
primary,Core_E3,1,aSMA,ridge_lopo,6.016086101531982,6.209413077107456,0.5532124557570115
primary,Core_E3,2,aSMA,ridge_lopo,5.933621883392334,6.148007718893101,0.6484319399074209
primary,Core_E5,1,CD45,ridge_lopo,3.313385486602783,3.1740929463069727,0.8515092903440733
primary,Core_E5,2,CD45,ridge_lopo,3.6133060455322266,3.4282823967037457,0.7874797717147969
primary,Core_E5,1,CD31,ridge_lopo,3.183748960494995,3.9775744924304943,0.8960726675023274
primary,Core_E5,2,CD31,ridge_lopo,4.2455034255981445,3.9304892226604426,0.42023541285726485
primary,Core_E5,1,CD68,ridge_lopo,4.759070873260498,4.2347026065120374,0.5188920299723667
primary,Core_E5,2,CD68,ridge_lopo,4.223318099975586,4.019285700332372,0.6581723215989324
primary,Core_E5,1,CD163,ridge_lopo,2.6910758018493652,3.422755323619248,0.9220823000929346
primary,Core_E5,2,CD163,ridge_lopo,3.2306885719299316,3.470882657597322,0.8982854970537264
primary,Core_E5,1,Ki67,ridge_lopo,3.1427764892578125,3.035806640738484,0.9420585767392939
primary,Core_E5,2,Ki67,ridge_lopo,3.536536931991577,3.3933046285853155,0.912603329930221
primary,Core_E5,1,aSMA,ridge_lopo,5.44452428817749,5.552497955039387,0.6135981653324893
primary,Core_E5,2,aSMA,ridge_lopo,6.036858081817627,6.008155895567376,0.6250812209436808
